codon	PC1	PC2	PC3	PC4	PC5	PC6	PC7	PC8	PC9	PC10	PC11	PC12	PC13	PC14	PC15	PC16	PC17	PC18	PC19	PC20	PC21	PC22	PC23	PC24	PC25	PC26	PC27	PC28	PC29	PC30	PC31	PC32	PC33	PC34	PC35	PC36	PC37	PC38	PC39	PC40	PC41	PC42	PC43	PC44	PC45	PC46	PC47	PC48	PC49	PC50	PC51	PC52	PC53
TTT	0.04805896133182341	-0.07789873178530748	0.15267150098053267	0.0011496253116424493	0.15112812144072654	-0.2426334306561162	0.16495962193204433	-0.37324038663944287	-0.029014872259547693	0.13665889446286478	-0.1543587420091122	-0.15100327480500314	-0.16989941653897445	-0.18047382717494498	0.021825497792321763	0.0348063244397611	-0.14601479200838074	0.09244779826464329	-0.29543670240437636	0.4494942575623233	0.005709546685380727	-0.19407316856656642	-0.08705773049945523	-0.126135221602939	-0.12067185453187781	-0.07283704211586924	-0.04455923530526823	-0.06782593057498601	0.04731371147688299	0.24097793203929785	0.07031039416735595	-0.05848008167120293	0.017322061777035505	-0.06889993797608027	0.12138000749689538	0.05227937457579737	9.218566007729925e-4	-0.0916419462573548	0.04884560152767634	0.19734876729795336	-5.144710023161879e-4	0.03722972659790691	0.08238311819852484	-0.07204492071398137	-0.08098546042382998	0.08578710975747193	-0.07556460652321391	-0.098424143743513	0.0077174387191698765	0.014750650656372677	-0.009462123554911094	-9.535684183622599e-4	0.0013910629021641162
TTC	0.1707100401342383	-0.06574044769426737	-0.1169957153722714	-0.12982029566879666	0.04785347392475271	0.09133344578900601	0.039104971165937696	0.13601953997704458	-0.05888161283460074	0.05993590915155387	0.09419248051570647	0.04625085205932451	0.06688793363324805	0.0010654042134491427	0.08821223805122412	0.07056482231093282	0.06425708268248817	0.003214864293545963	-0.12002502700878391	0.07138572302886478	-0.11743921382598037	-0.08952359017768499	0.09270876224328056	-0.04707648882372708	-0.0781953393613354	-0.22701462282172127	-0.14171262657301695	-0.037640081752974425	0.0589874469648951	0.06453038631588279	0.17007698929133055	-0.16540863221936786	0.03366602611627042	0.03995530082810438	0.11306343103541702	-0.09429812828929487	0.0773322599154524	-0.21091934053858746	-0.3506560579559328	0.11920835725345591	0.1500475543965337	-0.051853304463430276	-0.02514088860673852	-0.1657818388261461	0.3873752902169444	-0.36987141506818727	0.25352236332875533	0.22271454991131148	-0.012858129291206444	-0.03966247012651328	0.04915273119867206	0.005137377867014038	-0.008137097382433305
TTA	-0.08798314980208513	-0.19733494517564187	0.24111136819121493	-0.08404295465684516	0.11297991283994638	0.09946939386109584	-0.1321479202210466	0.09492215134890503	-0.06433172982863178	-0.008307149201228034	-0.05411362286764543	-0.1131006467283674	-0.1167554246848011	0.15024571722120272	-0.045489961922783234	-0.07629600404613396	0.06375026124776312	0.11675758475661872	-0.027728629617063322	-0.09749367245983323	0.1396487954455203	-0.05492461724220787	-0.011348429529566903	-0.04744547553236439	0.16734129408466122	0.2263934053926119	-0.055394045593422876	0.05072287060871465	0.25046515821418863	-0.018404571799267862	0.23412255302070883	-0.021300242405610625	0.2997038557957378	0.05707361910778352	-0.19813388289178013	-0.012161061970371478	-0.12243308404307413	-0.06319976158108324	-0.0870670585243194	0.19556223466852962	-0.050511456960516864	0.05787605394770557	-0.19973578078091225	-0.09185632053375149	0.03922934379152986	-0.1657628466786558	-0.26687863959501595	-0.16662762990001212	-0.040613095125615	0.27246884794730725	0.251807733491136	9.38751856395498e-4	0.001336435567711566
TTG	0.14642054569445084	0.06112146606007579	0.1314294111775919	0.002071255446686432	-0.0026480630611437905	-0.1307417730496604	0.0489386889804625	0.3401930293525492	0.1545002976742768	0.11325295962941531	-0.20482806749580434	-0.07425484850347795	0.0839182956837543	-0.003488192411070613	0.024324097369563962	0.09632314290151386	-0.06867284411485891	-0.057241245914108424	-0.07041200968333312	-0.06054431605453943	-0.09507843339926635	-0.10428044865759156	0.007487204452970803	0.14292023928898784	0.14192356446235194	-0.0886056532109028	-0.0880847417094174	-0.07964863090172208	-0.10854717509541759	-0.08335787372088518	0.3356606276171582	0.1725455429121504	-0.1889507916316081	0.03236170294221294	0.17956314638134635	0.03566188842283011	-0.05515455758359536	0.0844153675645008	0.11768627149630304	0.06265922347533127	-0.02564481757701502	0.23688482975151273	-0.1668102903828895	-0.08009474442847009	-0.1407508519776572	0.0011406427227396063	0.023801571815355624	0.06772149112405589	0.04422923985531469	0.04532011602152875	-0.010614163237422909	0.05966748921085107	0.23603692899039697
CTT	0.09655124045864678	-0.16506061866280675	-0.254082691652867	-0.20697128927580447	-0.05235557534962118	-0.0626023558946775	0.0266572284381576	0.0027278208736481527	-0.06212937786934925	0.004545923682145264	0.027003132189888895	-0.08292226829042278	0.09309621993241414	0.02503239400169255	-0.0084072695445086	-0.10511434478195371	0.06550016867733965	0.03950741725693671	0.048983265278010314	0.03636449570773463	0.04426765983233623	0.08516884044745845	0.011030113874725148	-0.01132075065175707	-0.18950471251859902	0.1604112751404455	-0.05221992853396251	-0.05888850602823403	0.19794108943165428	0.008361078443035026	-0.1192983906375942	0.07325637698919452	0.01237890656729269	0.16354187835350797	0.10650677030542005	-0.2527192425089527	0.01573020490169877	-0.08250696389349654	-0.048392438126631535	-0.0276379506708822	0.1547488488118947	-0.06396777867741238	0.04150860278356778	0.005968998549993113	-0.3013159942442809	-0.1547545482031058	-0.12835540086902963	-0.19589929176151688	-0.07435410444031666	-0.1373041624502861	-0.13222796148327748	0.38381778305914227	0.09485971385612726
CTC	0.15236880122082427	0.09744981216639398	0.06286891332411926	-0.08715959460720747	0.0038894225624953593	0.20815944098779354	0.13290365718992841	0.10119946141803202	-0.195282559714176	-0.07731644481670691	0.11755993151901185	0.1461801973879204	-0.04009268901344444	0.0892583737206288	0.09559315081491515	0.15964313819910955	0.052501989899902374	-0.01346211683309878	0.02777083306976865	0.08161772223545401	-0.048060114532962994	-0.02091127402465449	-0.05612841746728885	-0.29379044493937895	0.15510375595343817	-0.16622135155069412	-0.12467197778154868	-0.024173553289609157	-0.05089989318199273	0.22644511466847295	-0.005364977374290286	-0.41338508918037276	0.05028498315123916	0.14775276280737631	-0.036658328717361716	0.1738991647983259	-0.04250150162471478	0.07433677923177609	-0.0224519219006961	-0.279575814032891	-0.07421532133509119	-0.13448918248686415	-0.00599940531087432	0.11616656507659204	-0.10935198247403363	0.15529985889688727	-0.22379414074734139	-0.023463981910894254	0.02193559776033032	0.06572906342568485	0.014433539888421838	0.0935235033386752	0.16831599987466575
CTA	-0.08457211414594824	0.29689903870481643	-0.13128314775465302	0.014475381803250864	-0.027354315683513097	-0.024058174859553028	-0.03962010580727221	-0.043540300546678956	0.1896246769384234	0.024055361817247975	0.07027412876855241	0.1344302342618515	0.12359976962769609	-0.10821462146973464	0.06964407437522037	-0.0945897157386584	0.0676160122088657	0.18899255452503144	0.053273211252837065	-0.019851912190668945	0.24552409350379853	-0.25853801617979283	-0.006183919264553235	0.02471082021163444	-0.03458713523619015	-0.02341158519018885	0.14064572599291464	0.10526427875456727	0.01029113340418155	0.060698713042776194	0.23521795748227028	-0.16631195617596978	0.1250841359745204	-0.02833971070218927	0.033055934644160234	-0.007750398819369453	0.09390635354222789	-0.019589963789766934	0.14012029077538024	5.445942890937999e-4	-0.04201299996427862	0.005316274807333845	-0.07322555239979583	0.017393676861587947	0.024916238933813853	0.02037513510953813	0.025785461041867755	-0.052531094547953114	-0.33299107409586826	-0.12326782666975669	0.09961003363980953	0.23992955783041023	0.09164948682651508
CTG	0.14992980996082048	-0.022864484801981937	-0.04079433887867971	0.1383193626254854	0.2508621983920617	0.01592801679549266	-0.08952199109463384	-0.1138264256937738	0.10362650249959082	-0.019379596586035053	0.06744750524368553	-0.009547079584400917	-0.09194165289142303	0.018736715846939	0.03154529998546413	0.14293525946715505	-0.056040326215130054	-0.07336379880569388	0.12094235428990383	-0.08242329563453184	-0.04927037723354743	-0.09166036799498997	0.15391969290532304	-0.015565399997693893	-0.06656445369543688	0.14754785635647716	-0.13577577279374428	0.12491857324126215	-0.055551929707735884	0.07432359054319806	-0.24602140891585245	0.12081954727900104	0.30398017995502374	-0.4865053451881711	0.019388653342205686	0.087473103858682	-0.2581712915557692	-0.006817954437148582	0.02134901986301145	0.04943055074143407	0.021684373262458145	-0.14309887791859868	-0.0972879267264869	0.042019495642785364	0.07280659780235842	-0.046505569314235704	0.029716943107619985	0.18705621051664462	-0.06399356970185413	0.017423658036017444	-0.11053845228743578	0.14368781471621883	0.15486139153377385
ATT	0.14294121866967352	-0.0870115026823995	-0.1416511072309663	0.02711628710462144	0.12415423283021931	0.25307911131399446	0.19990725501333279	0.06887616396515994	0.11647296588846992	-0.0011737928448856128	0.1141113330940457	-0.018092974626629038	-0.143295540719634	-0.02000219261844198	-0.009880347514200381	-0.1225110645847246	0.02919032155788784	-0.017637226125123445	-0.027559194772200188	-0.01051731453267779	-0.023718652450441913	0.028692380334612938	0.12603027555066296	-0.09684568786380333	0.006314603099018495	-0.17814992444943298	0.002814892000706559	0.13322398941456054	0.016898451552370745	-0.1331492044174777	0.16092615361158538	0.17469424591196603	0.00953824817175278	-0.008208798193683108	0.13325917839442605	-0.036406137525189286	0.04325681910054831	-0.2806305165761713	0.18819965551831583	-0.04873131602655205	0.09353190614878164	-0.034597182436568605	-0.04217066422879	0.016544693644138846	-0.08068976240021271	0.1743135492661891	-0.0741664792896509	-0.0722988450815907	0.06304476632784402	0.19111202449429326	-0.07493189620229468	0.054965148574054594	-0.05493264971650619
ATC	0.13585273345511134	-0.04369370188388503	0.04110382246600283	0.06234888477326386	-0.2686929112011266	-0.18739360916388148	-0.1442274109091738	0.0028699364812030947	-0.06842123549943246	0.051869400953797135	-0.07183210855356069	0.027922762813801925	0.32828062755097254	0.1264220065488286	-0.04644064804705521	0.17705955916737925	-0.021558872213019567	-0.011694482039195105	0.0449585278957597	0.08058459742938837	-0.06298008328818677	-0.05857961835210336	-0.003321545087220162	-0.016861675530499	0.04558660883622112	0.012383329975490492	0.07737986865805113	-0.1897015472560574	0.062374445401073	0.1417404290444823	-0.0759549777735104	-0.009787514319646503	0.0326287939884339	-0.15572510241988893	0.02969421768668666	-0.006341101188204773	0.006066492266680101	0.17733468120093604	-0.08234047550769846	0.024606889952291766	-0.10090901868809124	0.0021686196402605357	-0.0728014875047873	0.08072913993780136	0.07005829627224147	-0.07358983965157283	-0.1508411178894352	-0.0114288638315311	0.07524757908249902	0.011293586524961685	0.05969101823350575	0.11761580068176475	0.10894615279514655
ATA	0.1697183222924044	-0.035481157747388886	-0.0607450137323655	0.017190977374513555	0.08344840696952824	-0.0057955273609143765	-0.09782126080655118	-0.13186732758591718	-0.12210170317433855	-0.1119968596975252	-0.0026136001436722345	0.00590258479584603	-0.24993588035077902	-0.08837252980404704	0.049061378102404234	-0.12509105617054495	-0.044971375445903405	0.17206467273285778	0.11032409485658604	-0.11953342573443627	0.04238615104879954	0.007384119160780286	-0.3348407393975375	0.28644247147432467	-0.13670382818954968	0.1892860516577572	-0.0479042114648926	0.037690906594990414	-0.1628870662090156	0.03684344310132919	0.016475327913240176	-0.23116885760117545	-0.09737887167266956	0.24932076581350165	-0.1022255527580989	-0.03014757807530566	-0.07341426938990478	0.027324828308008864	0.11114492133273053	0.08660170947961186	0.1343145249632879	-0.021839427059269077	0.06588567325102117	0.019748550086573988	0.09777425831871979	-8.698039515466112e-5	0.15373347963257597	0.12135458141914439	0.19482007145153588	0.12204916849499797	0.016771843746591856	0.004976050393561076	0.13309111584410613
ATG	0.19152458683849646	-0.0583937873021143	-0.02678396411668702	0.109822171871897	-0.024468568880976274	0.03532785979804745	-0.0033216339266822215	-0.00488777590824413	0.002426788514770517	0.033468792998934405	-0.01342800449620802	0.010254024390300043	0.1621908050784605	0.15484840322761703	-0.016535487011798328	-0.030559293323264153	3.917097204649139e-4	-0.02592409683869215	0.06427555263610887	0.07126657339961132	-0.005323979878964907	6.637023021793947e-4	-0.16716689436947335	-0.014131298581000495	-0.0769687572139621	-0.10633001314703787	0.0490746044801081	-0.03881374822783651	-0.0959052030648113	0.027044210256987528	-0.027413791470373705	0.011902871398294289	0.04096268732087435	-0.045847367264118595	0.028107166187959477	-0.019043709783358356	-0.03060727504041723	0.015000361246852209	0.06427519882140934	0.057257153040606384	0.1667026662992961	-0.12495818756936497	-0.11247693610545109	0.06257224096489444	-0.16896439223682858	-0.10319197755060236	-0.053634430724807926	0.056874781526333844	0.2029817064207251	0.27776149662805927	0.006513056691692013	-0.30722172879361137	0.012174721901040641
GTT	-0.032343588223399625	-0.3157312870839568	0.029083587358171934	-0.17272875037487703	0.11773688416487618	0.004952806551383054	0.09724739210490707	0.006777852652298355	-0.14041281737726197	-0.03753157735462975	0.0606456394986091	0.06814119994489559	0.043254115208830275	-0.11289151488380486	0.14597652020504764	0.08384472876637167	0.136043353866436	0.044673377938333925	-0.0033306488150287306	-0.019175284636907763	0.30347641094695155	-0.2212889153801784	0.22033333623201723	-0.051104242344838346	-0.16402794299839302	0.008052106575529162	0.0045239144336421825	-0.1743152195157702	-0.1353486155247507	-0.1466721372034597	-0.05634388163299339	0.08119199949233619	-0.05459025802207941	0.04594341818850489	-0.03895581019317733	-0.09963867560556183	-0.053748986668220713	0.06593797084676835	-0.016936619863556233	-0.09566233967869212	-0.07042541946721545	0.02909126291533229	-0.12065345028154398	0.09952070137865024	0.03177483090949199	-0.03234027311464313	-0.10069514166279654	-0.08545088415399234	-0.017636800691736797	-0.14391990011328598	-0.19957509215917363	-0.3863680315350742	0.16928471518179639
GTC	0.15326978242636294	0.09394764664721551	0.12160841619812107	-0.036142246610677796	0.022097076183348194	-0.053376061053822296	0.05445186605910333	0.16440119003300296	-0.2233490131595298	-0.04364643508330185	-0.11506713635715014	-0.04435939208155286	0.0015672186553160605	0.11044937872802729	0.060405700027049675	-0.10339780309088889	-0.02521479680602609	0.2875982536043715	0.04237005505004743	-0.07613863682151377	-0.15880674255881996	-0.07238014058389322	-0.32248044562612727	-0.03256954193181413	-0.020694466545871395	-0.2828832688124377	0.18182275038837445	0.21502961714435417	0.18337412607149156	-0.17204256600181636	-0.14290371429911	0.08839916118545774	-0.04676921474898964	-0.19033476019353315	-0.06674250164216369	-0.08932169042493529	0.019307310228349653	-0.04892112742482023	-0.08849484505074215	0.19179440995116834	-0.101658018691138	-0.12836652444191976	0.10509212563136375	0.18235431598637453	-0.11557725086782614	-0.0839180519310769	0.05797226697500993	-0.0958371589661836	-0.18177540773760628	-0.08851213577692549	-0.056581569965694356	-0.12154630639895167	0.08764415455601063
GTA	0.14318320638840107	0.0428847988685024	0.08820496785606766	-0.04411386253521069	-0.06645450261440071	0.1930188983547289	0.2294328937734266	0.16961761811344597	0.17394527726058676	0.04354912211172668	0.027387842528428602	-0.0011297273324693546	-0.07881806787593423	0.0527877878283341	-0.06265336490582873	0.13259036439711572	-0.13394060985823253	-0.3406101505415604	-0.04577260952313525	0.08410036479276739	0.03856154699286403	-0.28286998206602826	-0.10929865880140653	0.14690704200081817	-0.1009377801739407	0.17171450550525008	-0.024931040726746678	0.10310930706600761	0.24597222713924285	-0.1832694725887205	-0.26422626287862666	-0.14766969193202317	0.07888137418572917	0.04031879840378197	0.04984936544759931	-0.025985160357678755	0.0742925321872282	0.08971884164326677	0.024017763322265444	0.08795256415771709	0.14079405580040794	-0.020831112780661395	-0.08736454995716472	-0.033053029704809195	0.011156311931669414	0.1431381636960519	0.07235184808324543	-0.16458413154444285	0.13201336765678223	-0.25810584314728324	0.27474516421158385	-0.06177097003060491	0.007166456303183891
GTG	0.16811894228812593	0.043162706887051164	0.0817055600654109	0.07351949894597322	0.12754857554597496	-0.053583798506578594	-0.16599116750889167	-0.16161136753377914	0.18496725048028684	0.01941087846983311	0.08288784146645539	-0.09699319877164972	0.02847920043542737	-0.0559425902439359	0.0554736308208334	0.03286881263918215	0.08314732648404372	0.02732778295541334	0.09022543188424309	-0.030065509814155844	-0.0966399060637658	0.04811050834601871	0.028095238952716834	0.09276769435453111	0.22463173087928534	-0.03148972154029069	0.051244531426463034	-0.18367928599218655	-0.1363938757518754	0.1273565284140639	0.013739312908311284	-0.006875824520975166	0.05954613243288456	0.11794485663634433	-0.009376431862394091	0.06323462907126187	-0.06798344154823091	-0.07494099156159936	-0.07803202346600814	-0.14496279843559862	0.2920402426081419	-0.12828254530245642	-0.20231968595632707	-0.07694928730430853	-0.28767962245787043	-0.1137865124010201	0.24393393044878928	-0.29913421985155614	-0.13466125327783476	-0.11755950062265691	0.14062383703287593	-0.15358564903655048	0.05231424894282177
TCT	0.16461431654345343	-0.06529318952110515	-0.08082959538053945	0.08822074864950195	0.17361771113315524	-0.07647511412380584	0.008399213733691565	0.15718831388893234	0.061138625379258404	0.001620313008318497	-0.17055350081485726	-0.09279402607678505	-0.05677696245187805	0.065494623338647	0.032675766719570454	0.08942047154235375	-0.12402223323920061	0.03628030470891776	0.13864729851868535	-0.11457427375506345	-0.05773304115387093	-0.10144607061610708	0.08460467395840057	0.040120913629055954	-0.06903243596213275	0.04556890843797683	-0.06226951203177651	0.21325050909144705	-0.14391694454219925	0.03901747320248264	0.08522125487539539	-0.22348682376925924	-0.13745122676368426	-8.055418313087405e-4	-0.014077290470735165	0.04169462753237271	-0.20572598665423372	0.23149250167141022	-0.15687088135045948	-0.06320101184043558	0.11392542982956119	0.2596271900258736	0.26366496582435395	-0.06779891988923864	0.12299213685660851	-0.058872449229920756	-0.18189089775672254	-0.2979378121651171	-0.10018186072374269	-0.06670264146501456	-0.2132199376316858	0.04254759831225474	-0.11066437751026298
TCC	0.10501335857948088	-0.1624292934937759	-0.269397164143794	-0.1730009195978236	0.02746957870589517	0.09590004983520788	0.04842564957754857	0.0016528229637775282	-0.02250472029787426	-0.004739580531908427	0.024873636162673796	-0.0459218715809946	0.016527439864664928	-0.01010520237361063	0.061760567436128566	-0.04024433472989674	0.007009234542211501	0.026774659085908113	-0.020772619587975633	0.03361582557245063	-0.012196801409079486	0.030023862662246596	0.011259204453534188	0.072697538418763	-0.06942108922096833	0.015960314559222727	0.24043851151483342	-0.02949017274105678	0.037783796072860004	0.1705273766264248	0.09429229891754026	0.061028833713639305	-0.04119000232465383	-0.2059730377160051	0.0827850799259266	-0.10657963578140761	-0.1049486222587367	0.26694049462480274	-0.07599336881559919	-0.140071515247161	-0.08544385318347703	0.06290215275530442	0.05550620734586268	-0.058520824400116855	0.08354059505208278	0.2831159540072946	0.09613056006536533	-0.013869833098418806	-0.24291316884395178	0.17764840096418405	0.3600203933037026	-0.18960769595153182	-0.2214366227533613
TCA	0.008317447010908014	0.02947901259112704	0.13448911163623933	-0.06791724839380964	0.02809020162878936	0.3342247560419241	-0.2945003861678417	0.04751318434756617	-0.12979514011258575	0.2572426368832008	-0.1073701807995811	-0.1139659862229663	0.15712812107059715	-0.4501672532590219	-0.3123828751395708	-0.14713538938799903	-0.09623522130863074	-0.01966040345347636	0.23064031246049113	0.032423533956559614	-0.06220621005447993	-0.059977706745155346	0.13069427091859454	0.11006103589054328	-0.23360971362735256	-0.2765890022863511	-0.14144789524135165	6.240553904722432e-4	0.13233213337248242	0.08731336910132086	-0.042649118812176146	-3.7910215872617725e-4	0.01704250366734477	0.0659888528280954	-0.08882035834805654	0.04860449739955702	-0.08543598849587722	0.08637629146715183	0.05742368121148065	-0.027021880470178502	-0.050699678305388345	-0.03878781343867268	-0.008589697634854197	-0.03212715630512741	-0.03083779472781171	0.039672917150088506	-0.024670808898300943	-0.005622786320807011	-0.0031011447728785764	0.009582905479772228	-0.005941632584573572	-7.715560871249874e-4	0.001186616818088796
TCG	0.015588929806844537	-0.08691208000371575	0.01644289073080042	0.29028657424417026	-0.36407601415424745	0.025403530075857755	-0.0376488763076777	-0.059808863747957984	-0.0343715279601469	0.14747302427703302	-0.05699920631031924	0.0022712123300226428	0.01847855264289544	-0.014363256935164458	0.25301683031435934	-0.14941712713098598	-0.015949902489147016	-0.04935881079971595	0.056077573727357166	0.008078275110091293	0.06773942354718629	0.04379744174089892	0.056436485300389805	-0.08803005475699216	0.0011399888433902968	0.032955026907200764	-0.0336853052035061	-0.13330926200220142	0.0696299857923486	0.07258169165282667	-0.13090957958575977	-0.052099685815801294	0.09227139758491112	0.12192888721395648	0.007429048209501084	-0.042198815787219575	0.033408729248802366	0.070195122345469	0.009376544945570334	0.11317794846304774	0.0778619171314309	0.14897020815568163	-0.05755543626485232	0.07721585254584115	0.1529880146259588	-0.03422673074245268	0.12053442067312717	-0.18600058603166103	-0.017295551280678334	0.03811878592950689	-0.09439248890840159	-0.05311131246296186	-0.1768034202696362
AGT	-0.005249793731220386	-0.1095944468934802	0.18461608175753094	-0.0018521145502631892	0.03029280936659129	-0.20237945371585553	0.27192678794734154	-0.04040715252526813	-6.739698510142356e-4	-0.16725775633948609	0.33847395570156297	0.16543895189380275	0.2956152191405006	-0.1788634396959053	0.08215460167231162	-0.08201173896501462	-0.561136353691572	-0.03879989883069515	0.08748621609539022	-0.06073305719785309	0.04971058489773669	0.19484111690075612	0.012836492025992737	0.07854804374151506	0.10763488620892857	-0.11202897848477425	-0.03492978041252308	0.14087972471471827	0.053057126963630935	0.03723501537961518	0.07142248279501678	-0.0012226504319731088	0.12219182429397869	0.08501336403152991	-0.04386975065189261	-0.19030868963208597	-0.17026116689176468	0.039535772276791795	-0.004642895785875692	0.03649570072394728	-0.027458065543454577	-0.034457816058912474	-0.024978409231934253	-0.09764228453829055	0.011583240279676832	0.00373261544502497	-0.01282327040661764	-0.0035634996043238942	-9.350260574491412e-4	0.0030744835143356876	0.004348696270941848	5.289815467107023e-5	-6.707631908710147e-6
AGC	0.14570515872415407	0.07036624247531646	0.13610131393199487	0.08998811132700345	-0.0020776056613859765	-0.1705370237371683	-0.09697562364737498	-0.08149166564402713	-0.13557816059408473	-0.13449663104645015	0.08822888956936956	0.09075541022018963	0.07770436439943296	0.19286910557704223	-0.3195087647835009	0.11169205058436746	0.04397068288830283	0.040583558930377704	0.17139486496525774	0.0450313048782052	0.038232032267478955	-0.04586856834627745	0.037819459978276064	-0.1102262425571848	-0.09409368932554626	0.053918437709139524	-0.391948126457736	0.030104269360414895	-0.08094411184955544	-0.18923348885995211	-0.05590849294021268	-0.08307070475398104	-0.02715346112106882	0.058567579155674315	0.12709247315698965	-0.04988300161093402	0.0658598948263927	-0.23442522889044964	0.060771456996654066	-0.017724066729780497	-0.18919810308718282	0.14989630611021823	0.05086364814692122	-0.12895926644354316	-0.058098075255814105	0.09296472028757566	0.1568406176238224	-0.07108293462420603	-0.28466491365192276	0.041914104093985285	0.10402109751758232	-0.14624140704792288	-0.22596639828562154
CCT	-0.019664589121125894	0.16559042922532827	-0.33775504805533696	0.0384585178431787	0.10154063197118178	-0.09718655139328798	0.03550723741356832	0.04664205663996155	-0.09360990024041849	-0.14009507388109502	-0.04768407221248233	-0.22303980512560193	0.0231283388114982	-0.09152503281256794	0.031160058205482954	0.04794337884657171	-0.04696152983408677	-0.15920413472403108	-0.017513721154610792	-0.033303366111014046	-0.004114069769259127	-0.07891465524486385	-0.08828313163010172	-0.17754715766367452	-0.028251173836370463	-0.07217429732490327	-0.1407829856924834	-0.138317166545151	-0.07894034969254705	-0.11456933617331905	-0.013405112095080884	-0.0031001705474805463	-0.08871284394596778	-0.02528133352951426	-0.11603147328924437	-0.16349470005432692	-0.059118595279385636	0.13215505673881178	0.1812311770250341	0.04138860030137713	-0.14759481232520547	-0.23860185661312375	-0.16556953027890836	-0.1789102522847031	0.021653726652008064	-0.15928422944164392	-0.007653117368621343	-0.19962523139682423	0.021204175149003135	0.11427645228935716	0.08946797094689345	-0.08231419824742783	-0.040886048844086406
CCC	0.10893548186448174	0.10305402004593818	-0.015918066171099376	-0.17448460607687033	-0.052787613237008334	0.048374363991973625	0.07132422165297736	0.0778395174822997	0.27767472720546327	0.2559333396422102	0.030197578732039793	0.34643283541094594	-0.08301420484142463	0.12085932744392935	0.08024778933896992	0.1097659688569721	-0.05179403912339474	0.36223737335369044	0.08695599030527962	0.2639698263327979	-0.03510903512650722	0.22721826281465157	0.1129795336346353	0.10531677622736776	-0.19516858766149855	0.026232794343842097	-0.057391400940615914	-0.1020384104223169	-0.09946102392450631	-0.0938646672183351	-0.12442069142001248	0.09374686921447149	-0.06564372844619491	0.049966033208634505	-0.24770854092812483	0.0875592482071971	-0.11643780841479123	-0.015354309811341147	-0.0955197775015403	0.16770702240453822	-0.0352022148956902	-0.003665060843192701	-0.0743303033045559	-0.08539435801370338	-0.05091923514310745	0.05005173375468765	-0.0989484468309747	-0.029707427015111566	-0.038292589053354906	0.0616253101125908	0.048078524261637175	-0.044459792482533234	-0.02208502286998831
CCA	0.168579630785755	0.08137390500040803	0.1448595126195139	5.852184238450783e-4	-0.020668117958250687	-0.015465594983235539	-0.12041927163313408	-0.14014631967789287	0.10108112959043132	-0.04487495335459514	0.043163936087561104	0.013542860803581025	0.09406895460483056	-0.025122675587169255	0.056330135335200315	-0.17362078969359768	0.07478590368223897	-0.06360724211463234	-0.1877015011853943	-0.05644365329669997	-0.1670897186336858	-0.1585553105357787	-0.0019653867338177643	0.11168155707655597	0.04182493396841872	0.007865141534529607	0.27103718611623817	0.03621748728592697	0.06702601443745149	-0.09177561019352348	-0.20936620491637048	-0.025881607284993682	0.01751422463321555	0.07007191621954059	0.01633426675251208	-0.022212161915834326	0.02112328643771444	-0.07647808292859096	-0.10003181603078859	-0.2642171591443281	0.06877488358259937	0.02187284357814407	0.17495385010515518	-0.3916445706213052	-4.092663940999247e-4	-0.03845586255938229	-0.3069718266986332	0.1173870558052024	-0.1248180094814739	0.11133527949228189	-0.045509805365529635	-0.151610350822922	0.032994820697687596
CCG	0.13699498127479906	0.08738979837853136	0.1312448874679617	0.010448486606616516	0.058788135335881536	-0.027199987143106973	-0.05685266180792265	-0.054561461421370944	0.035711996117661994	0.08582250013213659	0.3313629985172503	-0.09183105254349616	-0.298227672731725	0.0970965838664184	-0.12856290757895308	0.01673260816157432	0.02749537098554236	-0.18496383518808956	0.2990373546516271	0.22835459822853776	0.2979848625387835	0.05645085007545858	-0.14254466606748573	-0.056339943525968966	0.04768124687542781	-0.1409432760434657	0.28632841703909173	-0.09070947473227196	0.19576696349559755	-0.0017553903163585738	0.043403184315504884	0.06147885172093982	-0.23369521791472608	-0.0666682620397604	-0.030545852546542407	-0.062451774527420824	-0.08770024600929943	0.03827581715865505	-0.04411710563432807	-0.1221229674399871	-0.12106318871157869	0.1926042891181933	-0.07768809377851618	-0.025670218962210903	0.14845305859655347	-0.1517288066177801	0.0997608243088301	-0.036585682667666694	0.032311111628169666	0.04099112128203707	-0.13587302016606995	0.09306013432052201	0.08882784137740198
ACT	0.1301929257397865	-0.05468870371076767	-0.061755423563213584	-0.2589232989973575	-0.1796324539367251	-0.14075552232397653	-0.08824936025624704	0.04961328681594384	0.056720258534665786	0.05058390472047097	0.03223565486017732	-0.08851470251210879	0.048947099534448583	-0.006021481630220316	0.03831117337918151	0.18684199445587263	-0.06343706600191404	-0.1778434411517573	0.08153692736635437	0.0841551946136733	0.04112708183168301	-0.05620907724086735	-0.06583927192475193	-0.10419523093169375	-0.08056547116187475	-0.035444843084582595	0.11788208559531654	0.13858418112746357	-0.09583097665347214	-0.00944810687296296	0.11583464329750542	0.024173504011648285	0.20000031679086916	0.09278358701150682	-0.2789531905888182	0.130629550878752	0.08403050494773573	-0.06441823337238295	0.4429269486009105	0.0405256272135139	0.2438966127699205	0.049323186830933397	0.11613539965066243	0.15079981074905716	0.08044081271607043	-0.14748585472998527	-0.08164196442214824	0.14754604641743274	-0.25376287692107874	0.016693090411137073	-0.027002546099640364	-0.13100470446691198	-0.04962189384421036
ACC	-0.03414153527273981	0.3420260798957974	-0.09824684342054682	0.013953941337302095	0.006823909739459295	-0.10202573231937792	0.013757993060903145	0.06206145021506845	0.1469136619171449	0.035023923312118226	0.02481453511556877	0.10080213690950217	0.16210431228561728	-0.02644013099204434	0.03617189824294312	-0.10100794376587505	0.08215172130225165	0.22684058181843053	0.14061835909650178	-0.02099215870369217	0.26686763420268567	-0.2765970810696697	-0.0010050955570277166	-0.038022313107744496	-0.056941761854497105	0.0629958470145972	-0.03233874458592732	0.0461276815974358	0.15062688641470273	0.06371113244071747	0.06837586971769725	-0.06818190935091907	0.12251557367736886	-0.04839717096842277	0.2253189390465954	-0.06048164710716282	-0.11650448978155586	0.004466732372806981	-0.029528357780626912	-0.026292766836752846	0.049719991549045384	-0.025558020808001097	0.05074959172680123	0.03813915571965159	-0.046590781657639316	-0.018322111933699314	-0.024121689417382935	0.003902879258895209	0.339192260561204	0.12342589787883683	-0.09924983688787165	-0.2304407678546901	-0.0880242653147467
ACA	0.1797234873738481	0.04917267113934918	0.047525962826090194	-0.07175930188784166	-0.013187818360496643	0.20164022476267066	0.09684462800370901	-0.10585716150050915	-0.02420098654067196	-0.15321278819858064	-0.031215718503874723	0.05208002630067446	-0.0745955716417232	-0.013355957067441915	0.04570177863624922	-0.15033988451562513	0.05824826450218116	0.0284645607226314	-0.08088852370750033	-0.03030397076934856	-0.01645845858845385	0.0061695234484600014	0.014593434607448904	0.09742861170432877	0.008773550362661885	0.011420826010724444	-0.006939471729409397	-0.08967103473387428	-0.10759724006463123	0.061249784578697924	-0.050594943869879935	-0.125976032719025	0.08113302970243144	0.011851550780117848	0.09532001682659967	-0.1293346981599409	0.07738732034866097	0.334365321525602	0.0883577566074858	0.24158880510934416	-0.1882516043378114	0.11834115340831895	-0.23788694566646512	0.052550229699950844	-0.11683051449803619	-0.06942494183300821	0.09936198458527262	0.14729734963278096	-0.24775560815337902	-0.0011505197507145856	-0.04634937985545897	0.03873841089212917	0.0658532283027776
ACG	0.02623981334769108	-0.1919700909173111	-0.18468368527374093	0.3498362191392447	-0.029974760624974502	0.04309067765384368	-0.034973766420451836	-0.0069364038830816346	-0.04106869880548228	0.05199489877204058	0.024847985991717433	0.08263793523515484	0.010235746146372455	0.019194597935508817	-0.09280753919752108	0.01826454958549207	-0.09764029563321763	0.11560926199826249	0.06236954813520862	-0.02698357769470884	-0.02216880162827528	0.0029924887856869198	-0.03380599997831964	0.03740528767396695	-0.02467916653214732	-0.036085045603527266	0.10081382270500175	0.021266548441591204	-0.008280162365411403	0.08140401342805484	0.15109021184392962	0.023714203120364166	-0.15090270262169322	-0.04398491886492334	0.014442801076983282	0.08156041514426349	-0.025249130890721595	-0.20778539522043915	0.006235605223048238	0.007760987613784992	0.006945193883633509	-0.16006575724968375	-0.03684102399920164	0.14237032194955057	0.15893055659646702	0.0571133894539865	-0.12484252308848065	-0.20536892285790642	-0.05474317282177752	-0.25491796279900125	0.28003518029061825	-0.09171398121155264	0.21396978315908938
GCT	0.14820907685563953	0.030204905031191928	0.03702301738760344	-0.10231020768224676	-0.02716300904489784	0.1833935679815566	0.0877903317418185	-0.23299366809437586	0.07305266395117062	-0.20981655844099958	-0.3046298847183285	-0.07971505538375759	0.10611716005425952	0.12426396147381093	0.08747657982160968	-0.08698155518527906	-0.04287260817005622	0.06946103608120169	0.232008663409993	0.05282794610209257	0.04426948485992757	0.06750609110965888	-0.1575683162121813	-0.0764386248312414	0.003157978948140655	-0.19361301111787638	-0.0063484468572386765	-0.020404331863373343	-0.15924956462214587	-0.06718374573214772	0.00349919796124884	0.21682124756359777	0.1833539731388547	0.04831407356477574	0.14016206396836225	0.08697417929199742	-0.010790550099372243	-0.009182842133599302	-0.0031299068722280173	-0.09126674214627548	0.03573793831844266	0.08459711362065363	-0.1067666122350687	-7.866084902781734e-4	0.2510369232202533	-0.013566540631253537	-0.12279040162335791	-0.07963358823884267	0.16860952231297238	-0.12262160695054634	0.07034482801744199	0.16692540471397582	-0.2650372659662712
GCC	0.15947149949977504	-0.006728454301258303	-0.022018144689804422	-0.1995156010721259	-0.0818024660362924	-0.19657444622241582	-0.11521377011312862	0.05971960145783181	-0.11673787276419274	0.03181516480751623	0.13678253886046288	-0.05533561535714128	0.061885815421219834	-0.06419167918735598	0.051169378422316975	0.1115305018330308	0.11298512041724139	0.11027342372835328	-0.010908897345439983	-0.02087168286027763	-0.1338778202135324	0.008470865821009976	0.09172829147376421	0.0067444631923145315	0.09875376394927972	0.07402181236012324	-0.06303759543894974	-0.03853904390942542	0.19607773554637903	0.022693085245709732	0.00971163166756147	-0.01624039349032251	-0.07151799446021728	-0.1103422533801023	-0.06163875322707747	-0.10844285987912429	-0.0697347350008895	0.006939867607575534	0.12721488584895732	0.009832385598068608	0.14369207653386062	-0.01747890627837258	0.1042011274579212	0.08845274033780964	0.06194445908064783	0.26903479811298336	0.17958701357693163	-0.08835184878558307	0.18275104914892992	0.22000210871498338	0.07453413280311033	0.15455530982451782	-0.05470281954396249
GCA	0.10587669656255382	-0.14925613702595145	-0.13162163198865856	0.2864834587524394	0.016434203731252664	0.03353726240988096	0.010282379407178802	0.10674527630452715	0.014552432953689682	0.050902367658662726	0.1268998982099878	0.14857596666227127	0.002991123639582573	0.04697031634437906	-0.28943340139185725	0.02347306485993841	-0.08647853569884845	-0.044558578843319444	-0.11495759452445156	-0.004262340119519412	-0.0011793170551436388	-0.08793429604367482	-0.01977125688330674	0.12471157977997407	-0.08951951662692799	0.04250981474879598	0.18405439217202885	-0.0539088693070158	-0.04856815043629811	0.10970783975850146	0.04565652673548303	-0.13162931357357524	-0.0790657973267439	0.03176967696893072	0.04485060563057117	-0.007705006079106534	0.08841597740844788	-0.016215497051169103	0.04130435140051875	0.1085066977680637	-0.06982947980338988	-0.08223058431170333	-0.11856814991053932	0.06724174892384419	-0.14087369268108962	-0.16050436262624251	-0.2129001806199427	0.10152895390415756	-0.009287991748322996	0.1254892597056652	-0.13021287996638015	0.0920533855937603	-0.3715795072105602
GCG	0.05631539091872202	-0.0599068737088025	0.02315859748788909	0.27130890467863655	-0.24539043645296804	0.056187150466665794	-0.03682001742682813	0.04975406951408039	-0.019756907621410174	0.2867542551020539	0.029948067612341697	-0.07102811084696461	-0.13411979437526725	-0.035377188863234675	0.5159459382943614	-0.13020722535982535	-0.012047392257509124	-0.15195133386520376	0.11599659834888716	-0.00789086533644466	0.05965705248498346	-0.02811821524072675	-0.047155656723552784	-0.07863580886488192	-0.06747466709537243	-0.01207910405924757	-0.2159607231993116	0.11523988572892777	-0.02308524356115537	-0.06894688023001967	0.047539748547775124	-3.33014279224917e-4	-0.025066644643177094	-0.06373761441035337	0.002655230063928586	-0.07297949152874049	-0.04412808971542427	-0.08523011420832138	-0.04418277690522196	-0.05744574771097576	-0.14680524699497022	-0.03165284823489742	0.08649960358284972	-0.10170215021931783	-0.1769824000188506	0.028051548142210156	-0.020694675035795383	0.09567483441031495	-0.12182278772878782	0.10201491476637486	0.06544103146108035	0.02182719409610832	0.023589706665415336
TAT	0.14708152412300918	-0.07025779017389334	0.021443983581069744	0.02046388305803005	0.10221758833179398	-0.0852564794757653	0.16545818100805304	0.051509089134514574	0.15110907645957794	0.006176098238572309	0.14800167483295493	-0.2507698439306236	0.138979530656354	0.08897653653513299	-0.024655308610237764	-0.44467638689367456	-0.134806586274824	0.1570051186038617	-0.011590200431252928	0.05314861526208708	-0.07547396190801998	-0.09331472266271426	0.04237498957341797	-0.099147182681637	-0.06844851626451777	0.20581266786801386	-0.19425854140710846	-0.13832415867313352	0.11015711580088197	-0.06649599184388329	0.04411008215761669	-0.0034131394841681695	-0.1164158976429796	-0.08027375328541363	-0.22520326174132796	0.35306900864216917	0.27344182416637663	0.1274205614238103	-0.027004895047462216	-0.24211137232302082	-0.048902813683677035	-0.033094115939867025	-0.040220028032622125	0.15073341474230958	0.061272646991762665	-0.0694934063651035	0.08024452435517115	0.09206342484491227	-0.006329005828064451	-0.012856488466755077	0.007934430092865008	8.22840335197873e-4	-0.0011977259572103554
TAC	0.1536513779586599	0.08988483614551353	0.014657653327932991	0.06112675999311697	0.17809511841279374	0.16802027171563572	-0.08942423738313848	0.003636879200858339	-0.1523986919418309	0.03960029163625656	-0.05247827069472621	0.14766793304195047	0.08886668217508364	-0.22587949124119	0.038105985915598814	0.10624214405558158	-0.10808548555994253	-0.004453271539723535	0.08336841719190635	0.08153081258000844	0.17540202373054345	0.12929855276226182	-0.06285132958349032	-0.07579187323659586	0.1544900823256369	0.1842182388428628	-0.00363111498251212	-0.035624487126752105	-0.1375838049072006	-0.10495382059539925	0.10461812735251534	0.020563995124941045	0.005362749369731815	-0.3102438438332985	-0.13428222510364204	-0.17952948127847168	0.5677940313372867	0.048993374412920204	-0.1288162592387272	0.05185981876597924	0.18946520418564858	0.09039657458801251	0.11019108132191889	-0.10387735631731355	-0.049442990445427784	0.03208093783123389	-0.0973612748660767	-0.07394027823012041	0.06810592492386991	0.02984362018225971	-0.0025729101926164257	0.0039975237969036015	0.04559786675761865
CAT	0.1616849688385599	-0.11847134151918011	-0.14947020749107098	-0.06774517300688296	0.011522217908851207	-0.09944768119887583	-0.12778227385857577	-0.13476303775223003	0.11110614656436395	-0.009674761916085003	0.036313690956037065	-0.15189431890318061	-0.019677893929736606	-0.02839374624082473	0.012674849518404951	0.08133267632836927	-0.02993679221228728	0.02274799360161245	0.2339291201575242	-0.034498409170159346	-0.030079796603215914	-0.04194617670218364	0.03418436036260907	-0.06593354283768763	-0.02377292716543678	0.06396567083132884	0.010460916337157485	0.057057314766486844	-0.028430198433437096	-0.012521182518046015	0.032698010405126925	0.044496936454008665	0.008482451706621059	0.19037315228588356	0.10674660821276065	-0.11956520748246846	0.09954643593467365	-0.04530768521224722	-0.09632901639823396	0.040061004021848486	-0.3018654724603595	0.09576484937663114	0.10105914482080651	0.018677742371195287	-0.13579347054028001	0.011037030054933616	-0.18940257094903198	0.32899735607788605	0.20776384841995155	-0.16253581863130245	0.320284521409995	-0.027913647168822858	0.14492975301706185
CAC	0.15392896090818795	0.11475476906570126	-0.005189159573668204	-0.02767291469636631	0.10237621319616308	0.12238014953254213	0.044969384474242396	0.19037355960493133	-0.14529489313315752	0.0255198202719642	-0.008181338943002074	0.0839390433918451	0.18795316384788652	-0.20772086881529528	0.017302908014486487	-0.11546381431665807	0.024860017356818486	-0.08175568137499174	0.008369618098497178	0.10907919647800655	0.0074688932415614695	-0.06804856096199383	-0.08996994433834958	-0.3072132798556122	0.1843048518317138	0.41691860099510397	0.14379558989953037	0.10011657816416913	-0.1145946710115607	0.21543116763790168	-0.15305476136586754	0.27305860575481716	-0.18161462719512328	0.20884106370720226	0.06640938160509036	0.15479233018450247	-0.22767544892780373	-0.15481320476376784	-0.02132963936799219	0.18326707744021908	-0.07276724616342219	0.03616615523372761	0.015760268427206067	-0.005386162619948537	0.05623992862116341	-0.026415876053505122	0.08787090314975023	0.03081967554145256	-0.07915785419524296	-0.03078258425521524	0.006044013162903376	-0.0023333593451867196	-0.05205277511074076
CAA	0.14882193047184972	-0.011481872488692021	0.001043121343550367	-0.17625078086322948	-0.21914573961766226	-0.12228758187885423	-0.1327188472467061	0.008920130386310142	-0.09318775847856128	0.0024911802598289474	0.10037347399292361	-0.02699053298425608	-0.13924340964319873	-0.1770027267076988	0.10087005357633268	0.0668969754884981	-0.02374899985071467	0.04961892059395469	-0.038587004058682775	-0.09221363344278519	-0.118566122859465	-0.13785499563387266	-0.03821527736392381	0.11373079034558682	0.015396249666124528	0.07861941084338232	0.092193929881348	0.16116529092415846	-0.10803339787482662	0.006870650872440605	0.11386553460624876	-0.00492796329672443	0.0516587878430083	-0.07318231422139787	-0.12842734919432994	0.12271470134125087	0.11637522051856282	-0.15183223782217334	-0.10252752064736688	-0.05286409678088016	-0.28655121416617674	-0.13020321478461794	-0.37072690328587976	-0.1436034798320388	0.045436317229354276	0.14346807567093606	-0.005396647175293083	-0.13657532310779003	0.188844465571471	-0.18502313938441028	-0.23951458312450793	-0.0012964350162795457	-0.23934150174210142
CAG	0.1591125749568416	-0.1142217692018238	-0.05981432749377583	0.16749188595915326	0.050691061073741155	0.05659392178636242	0.12472119287975916	-0.08530295545652496	-0.013015638612899328	0.11533802547094874	-0.12361312631129552	0.06614614043196246	0.10787310166882372	0.17144455357895147	-0.12529267906852742	0.0022465709108031623	0.1558215879446563	-0.02670916256771091	0.06678376197600097	-0.012689514212489587	0.018079044366034643	-0.03764154626275902	-0.04971735058302209	-0.09219650604588153	0.09621611926096585	0.026618322564834457	0.07494232142504118	-0.16730478376304134	0.1469585587781568	-0.07616603466068234	0.29162837896225796	0.032506861995541016	0.2225838997165206	0.11079371324576268	-0.27311486740719537	-0.04435435589864323	-0.13875487015062668	0.1406087096554526	0.04230028584042232	0.10082592077835692	-0.07454735368217132	-0.2034036777411272	0.2147046096188409	-0.3045901528617454	-0.0464771878137884	0.2471538001582251	0.1845943370684206	0.13580238984165446	0.03307598761601424	-0.24646481533790804	-0.2436046723618479	2.62046679864035e-4	-6.284140235411073e-4
AAT	0.16875194330797136	-0.02697667576048169	0.01425189695369985	-0.018299474450957542	-0.004247800341612877	-0.0698848369757993	-0.0712637805716638	0.04898726545947512	0.25173739054176614	-0.01740049287328742	-0.06487243674910965	0.048942989493778254	-0.0543565480930524	-0.32297992312482293	-0.047516676221293644	-0.07759953704944707	0.1211569054737443	-0.0034546750073381864	-0.2014170073562384	-0.14234033754649078	0.11369453869319894	0.25384850395512765	-0.13348963637558348	-0.22406030635338428	0.11851696482195155	-0.06767981069346896	-0.07906092928671059	-0.15526199988987716	0.09747298866915591	-0.16701218368750198	-0.0222771916085087	-0.26410611976946835	-0.07620788949472	-0.21058082825251662	-0.08713359757660985	-0.06010593113503301	-0.273291789278413	-0.07044581607930367	0.010110255033961575	0.020288656225009426	0.026750185112439893	0.10258663621841696	0.0023356233172911606	0.1662968153016049	-0.06213127038687574	-0.0598498389291911	-0.12808249596722732	0.14108105440108354	0.030165738345282106	-0.2741649414984886	0.10051769253807784	-0.054196152717939095	-0.2346078855877267
AAC	0.011755443262158521	0.27114025124279023	-0.15911866806731573	0.1693953494718969	-0.12448572006548558	-0.0021254219446756478	0.13214799116381354	-0.009746103962821311	-0.1779719289840095	-0.21268023270678602	0.03516401333721206	-0.191064577336919	-0.0034340287133964435	-0.036026844169432505	-0.07127178334954305	-0.0279298426800268	0.024460025434826452	-0.07980421080596903	-0.03906287842324713	0.2001346124009492	-0.010972277228084214	-0.15489372946724012	0.07181103958414366	0.20302198080775077	0.017000275895633413	-0.03861111000586962	-0.06418754715496248	-0.06917908565812478	-0.06093106936635882	-0.021176268545513775	0.06999051451198743	0.11508489721927369	0.08848862220903538	0.031010660986936285	-0.360503900264469	-0.13458814094052143	-0.18172174356367404	-0.15500596441251777	-0.3415334756218721	0.002233364711436598	0.17414594923931787	0.24449869290405082	-0.10332439300655027	0.22792647094569007	-0.08502769981936123	0.18137380262529326	-0.11885331532917646	0.1526618902487784	-0.0671070458081165	-0.006551177466809631	0.0021312794690234766	6.677474921705333e-4	-0.0016003645728936648
AAA	0.05466368054097351	0.11456070717604268	-0.10759287761926345	-0.16287817910342625	-0.02277526713507331	0.08119810340038565	-9.984064942119215e-4	-0.2936463495559234	-0.13539330496968435	0.5219081819492721	-0.07306678050579227	0.034417891188441324	-0.02697509708846686	0.21187651827403822	-0.16741333210110063	-0.04625114704343902	-0.3095404841662361	0.05022448324442305	-0.22074950654403108	-0.15985054556702566	0.045131295864791185	-0.11865830926578494	0.035630904337468794	-0.07281002633985777	0.2548385560892842	0.05517455517701748	-0.036441554285845945	0.0995713051662381	-0.13523446746495546	-0.13453073530505041	-0.02254283184295266	0.0031696099857135493	-0.03180777155689016	0.04418215963986312	-0.01689508567355614	-0.24013329557923452	-0.10949101363848525	0.008687591652827157	-0.0012794935944512864	-0.2144767601181826	0.007866109983374892	0.007845961347552177	-0.07642059936864654	0.17440380326771365	0.04672102867311304	-0.07743767347461676	0.059179150673103996	0.027755962588346273	0.0028995261264787853	-0.010293511816347828	0.0051015965639815836	4.730112429649283e-4	-0.0015392994863353097
AAG	0.12956162800576024	-0.11536688421860923	0.001223841571153934	0.23317055189600217	-0.05143160572581783	-0.06570632493075056	-0.01260765202339502	0.11866617455430517	0.08123289026278904	-0.06193270478488513	-0.12132560505817529	-0.069406502891866	-0.015785462943559904	-0.11084362236486342	-0.08928241062698355	0.14683985552125345	0.1704444659065736	0.24555609051567928	-0.20193255885954112	0.26746666231804866	0.23444521941609808	0.1144287060571311	0.012528691719123606	0.04649888204857702	0.14307377256362627	-0.051473918932025735	-0.1423175756588677	0.45602452062142573	0.07524672809729616	0.08399840067694468	-0.13570263490367485	0.1564339773874259	0.006302430843702185	0.1606324796144979	-0.07227990590806192	-0.1489089997707376	0.0652485592495073	0.22541838977705492	0.0470008771406235	-0.2718394319739398	0.004146866396112014	-0.11834273718768332	-0.12826156008737463	-0.047838330706692814	0.07624417386267308	-0.0668698708135311	0.06660824012212553	0.10439302217811058	-0.010346245095741263	-0.009631059813776566	0.0143468079638049	0.0011617944107121117	-1.5386049547690649e-4
GAT	0.126628355927413	-0.1418380196546499	-0.10584801092921682	-0.04016118153994133	-0.23808518494505607	-0.018678261052288113	-0.06911377224270049	-0.0677183127823079	0.1698987639485597	-0.11254793756118411	-0.07570115345968884	0.13070745665051792	0.06028412978874893	-0.16916715570293378	-0.2245158296153079	-0.02755352053247866	-0.03957511922913943	-0.13527915812627034	-0.1974882878004327	-0.030895105994876472	0.13613651143211197	0.03116644076329161	-0.16982274850853266	-0.13582611664506136	-0.1683427011905699	0.0035158548861912303	0.039976768879254825	0.06679828501787793	-0.11529110720471278	-0.23620657665949413	0.07635528738849136	0.0010043682802566081	0.15660340836100264	0.010598465788842534	0.04760189204624819	0.19667865874022217	-0.0713690720125604	-0.0012061672255990162	-0.30866507793938724	-0.043245131264951615	-0.10062085732494716	0.018109017562172397	0.057652906738969306	0.06872642610173639	-0.009998932337205224	0.060805428204252505	0.2001929954670315	-0.18640571775481313	-0.024354775732827644	0.31431738006958676	-0.0641474999408873	0.07983862101231147	0.3003656619959695
GAC	0.1094097983446152	0.17903550556404005	0.010302967148035587	0.10256215641766876	0.057502442374080164	0.036978251285321374	0.06485810964211239	0.019954712112318713	-0.2662751792924621	0.11540279964802744	0.04473316836641282	-0.39442037509018374	0.15323109131162643	-0.016241203436412863	0.08846509293937578	0.1733051098856058	-0.04114084688009828	0.11832269784101526	-0.0996361246783429	0.05564108805422155	0.17790346677144775	0.35051915871401507	0.1892963023342456	0.11822458608370631	-0.10419166484304103	0.11995505855830647	0.24788793442464307	-0.0031143442886552644	0.008997434579830335	-0.3297887147853677	0.02944948099787947	-0.2189236843052651	0.12298032102191367	0.06078534921975251	0.23419945372105574	0.24584210662051925	-0.0889304709358551	-0.02896588148231816	0.021192267710218836	0.038160318263104315	-0.03670349607151142	-0.07005192972767631	-0.02504837309269452	-0.0072585450521997635	0.013098535220388095	0.011402897469267398	-0.0076169831934157495	0.05355909500161175	-0.018357161281493145	-0.005169834731899581	0.0036731445965512022	-8.618399500273655e-5	1.0928368267035249e-5
GAA	0.14686154183320171	-0.022710995508671842	0.03328812029110084	0.05718981089219197	-0.283491029722226	0.04274419161797409	0.09009462139599138	-0.03652507784868298	-0.15981860596548111	-0.06297186485570869	0.14294214569542035	0.03513989825452432	0.0022396213030105193	0.015448073355078222	-0.16331580431332962	-0.23628975950587552	0.15004444929772337	0.15351316262620107	-0.06409831961226566	-0.0078047013091186255	-0.07434371170287937	0.015305322739294698	0.11701505932292816	-0.048376111131838664	-0.008840437696597977	0.028496224829280537	-0.028030690865829096	0.01105170372607098	-0.10227312118915544	-0.021733369542735376	-0.02579440867486734	-0.04681768573686145	-0.07166047860878026	-0.20616261271890898	0.05446515103011709	-0.06933859273611546	-0.10078289490080376	-0.03726908608927799	0.31931535564190183	0.0538172862474428	0.14764958731988498	0.18577867711067228	-0.08425957328893703	-0.267804587842905	0.19693446838461762	0.035643838179840716	-0.14901149511311843	-0.05006714376733149	0.08663988496841123	-0.09685453664704807	0.025107686466142035	0.0011511997275360912	0.27423185460609956
GAG	0.1813482567533776	0.06787145298130967	0.12517046425573247	-0.02279336193386142	-0.006029858856019714	-0.023447097767038457	-1.5380525694864047e-4	0.014764336046146744	0.1423790565569484	-0.034817230941275444	-0.14743055804452065	-0.022018380183416002	-0.04524439137427947	-0.06946250017787776	0.0176565558375021	0.033531479364396106	-0.02985792522594486	-0.055585054042060655	0.0469411007318255	-0.03510364472700581	0.06584154032077717	0.019373220576615835	-0.053058393282940944	0.23034854444283684	0.12647841474547658	0.11551263748896291	-0.1505055602606228	-0.2835876279198371	0.11499542112415428	-0.002727905548802416	0.019501405311831203	0.054466244909953984	-0.08268229380809614	0.0952986407534912	0.16682913869389918	-0.1706468227776581	0.047836238763154224	-0.15111051560796404	0.023208415394688743	-0.01993063910102245	-0.06062632171585159	-0.34786848953880245	0.043493953456155365	0.20256537472257688	0.36569840739777565	0.18712366589338136	-0.21381867149268607	0.01874838025224351	-0.26231729608553084	0.1259673573350838	-0.17553730445853225	-0.04008828964239912	0.05707082116255957
TGT	0.16944771398003208	0.0027809641946096417	0.024145964002382735	-0.06736109406635872	-0.02406895120877666	-0.16432753953356288	0.07248178613999862	0.2686745836932729	0.009160346397828364	0.10085945856953943	0.07048649373335766	-0.15349539216289917	-0.20147815897608112	-0.010857442115198774	-0.13130625594877715	-0.10521742261141971	-0.0030715833605663065	0.06166197598508934	0.07898695523851583	-0.09465370544039313	0.023361775452472693	0.02430002935818463	0.022649872639151927	-0.08960236797791381	-0.010702033104593278	-0.05834682348098404	0.058534339616380854	-0.11594412221403118	-0.20807929085046148	0.11974798498706846	-0.1044683371012637	0.03573359400597434	0.2617843376667445	0.001218010589706056	0.11752548854580375	-0.1460343647339931	0.07166200074695687	0.041470843735912304	-0.07448489511553996	-0.013023778244961402	0.040239933204998544	-0.0421738256145601	-0.0169896438810276	-0.05235999078739537	-0.09151966289960238	0.07510150130439366	-0.011991390549760261	-0.03391639526250792	-0.051712186256581666	0.006980533431891239	-0.025865029583318738	0.08989959757466405	-0.09034350792999032
TGC	0.14888020530879362	-0.06337422220820277	-0.12038236635517015	-0.02590953506707664	0.12417501481261914	0.15803359637996708	-0.10916214002973179	-0.24416684035733296	7.390773574571353e-4	-0.10417536289843679	-0.02349557213779665	0.11181469549774374	0.23564208199753184	0.043868821053340556	0.21496034786648316	0.13259629623603492	0.04019607432625998	-0.043012260493818295	-0.02852233606803145	0.08224892635294026	-0.09847863897575188	-0.04069356216942376	-0.05147011391782836	0.10893141093981729	-0.0028283504916472592	0.031066272475069354	-0.07252078772499958	0.08659170794530208	0.28951961843218	-0.11359582180855685	0.0714613117208352	-0.038002393324890325	-0.21656139431347396	-0.03517011867309938	-0.037492095033266185	0.02685594002217946	-0.07897829985967744	-0.049638491070300286	0.11589005065799965	-0.045502427287037774	-0.05753529421818701	0.15117960555055454	-0.1882839248141063	0.020871370593490462	-0.12140664740701	-0.04715071361477664	0.006789916979059826	-0.04188044479661808	-0.02899150339576922	0.0679532377588026	-0.12789412803377606	0.09964687498561223	-0.07313492002467076
TGG	0.18396721745420486	0.059794543216194804	0.08097713076436507	0.006739012905155037	0.06670372297480516	0.08494621905934006	0.05604045141849727	0.06137760727362033	0.05399484793886229	-0.028339854658691356	-0.021001964619797964	0.016356368287425267	0.07899559391318654	0.0446202021349512	0.05307058469046906	-0.0922899658823412	0.1207086701122415	-0.12082482870662926	-0.16662536796286412	0.0936238568304876	0.01841864573716795	0.042972200846469744	0.18831836047998748	0.284660302027752	0.018890207236579425	-0.013099832603195883	0.03442210462674053	-0.018599637764667484	-0.154566758291524	0.14276178322134384	0.0020657878454152226	-0.016374142291338267	0.17139970282409997	-0.06445985591662279	-0.17449717515256752	-0.13145301891875052	-0.005507404192171585	-0.191858989721142	0.17195110490609933	-0.06938757666317315	-0.40108991618349094	0.05364842051537532	0.3618625077697221	0.1767002258546451	0.0017335361140102703	-0.244601272450176	0.12200043922486814	-0.2651060930454766	0.20541860779628957	-0.012058847836512485	0.08810916049348207	0.018101970530971304	0.008873921973627002
CGT	0.0466205005159565	-0.1374803968156846	-0.3074142432789842	-0.14476184378864812	0.010144053651398848	-0.1068644470662636	-0.061167179071293404	0.01371873659600112	-0.09015098783715729	0.03349032385209268	-0.0017623822936387403	0.012122532844535355	0.015853641676550283	0.07639265233543202	-0.0038749628486428466	-0.18334914308332845	-0.006587083203215683	-0.08324203840985826	0.029408270598636647	0.03808188615983982	0.35485214894267697	-0.06031989273065372	0.04649266765088168	0.2780022672311496	0.4405493017922801	-0.26500660637976314	-0.15165672124531338	0.011350067308801032	0.002995417475017942	-8.167349966875549e-4	-0.2447885822303884	-0.04666699713581144	-0.04069141629796537	-0.048461218581049306	0.024918708545932033	0.35551075862448894	0.04509215119291662	-0.0379599410290009	-0.02741387860724761	0.2459808472390881	-0.008390840078822043	-8.63929115643011e-4	0.08879587248443557	-0.12927340296696999	-0.05257995894814971	0.06721900488207584	-0.054891502199242756	0.003966322052427447	-0.017266531316044786	0.0033617861277469192	-0.0028445207537082027	6.618025319410151e-4	0.0015308863162028065
CGC	0.12557490612961641	0.09460268165929626	0.10616145863076595	-1.1045703713930592e-4	0.06423180822333166	-0.12610931564577751	-0.18272665220870232	0.08893181036503642	-0.3435982023254663	-0.039727958502224756	0.03881774763610422	0.3204063148449396	-0.14141301338224016	0.07485348554739954	0.09576298752444241	-0.10096488388746849	-0.03756946197061449	-0.11685893951950134	-0.2140754707125574	-0.014682147457417694	0.17042821095757743	-0.01172778575336765	-0.07942526370600195	0.11986097359500432	-0.23491467227715548	-0.015546033782710139	-0.11844957847422555	-0.12354772589118722	0.037263037904204876	-0.023834871481040937	0.17722740004312065	0.30454284111102636	0.06745970171930582	-0.015219788596547625	0.11045013816233848	0.16694412079316864	-0.10282787651431474	0.1499934270986906	0.036202929944430765	-0.1990185893903974	0.12625792381942547	-0.08708714916070118	0.05884726309271843	-0.0011908164534472285	-0.06207554602550461	-0.06933133850930467	-0.05571481309521076	0.04854505326038114	0.011428473175812096	-0.16381722223234668	0.17841198488255186	0.1020139028573068	-0.11917468854979853
CGA	0.13845237472914382	0.03523003436812876	0.07601996204012292	-0.03171624856888309	-0.05342323284482086	-0.10287881998889321	-0.006270518125818379	0.030007542760244872	-0.038875414597059677	-0.2129966601607085	-0.4713718683702122	0.09078224582619031	-0.10545796014455325	0.11381851352706641	0.015140471690348982	-0.09752752523820558	-0.22604656221777744	-0.07985083750800855	0.07495279423501293	-0.0974019470898391	0.2158085248115778	0.018918389069757534	0.42245542038810063	-0.13369781057642258	-0.12257824528401612	-0.00831542368900758	0.22229645197554326	0.0307021369622243	0.12002040286886484	0.140775814270136	-0.0333584418707338	-0.14931837590492467	-0.20023862401907747	-0.03100266691276035	-0.15064043623233697	-0.0329218918704138	0.03445983515241696	-0.1978383112080445	0.009569769436344001	-0.05152320635071505	0.06301348095909713	-0.10232477476062457	-0.13242878664156327	-0.07840739484586862	-0.10491600830612359	0.041843991443776554	0.15399080693304104	0.11388207669334337	0.033471926566853105	0.06120588970595378	0.06527734244325563	0.02616940002913754	0.03841556979984128
CGG	0.14615309873167312	0.09077649470487925	0.14553549883441527	0.03698215866702135	0.07849763061611915	-0.0833595013992721	-0.1981535768328494	-0.18205327612517685	0.07857921322455466	-0.03628768698033509	0.18847073862753635	0.013211862767364557	0.0015490876303301882	0.06269761221571273	0.043470611873616664	-0.14428569873651828	0.1603726579021084	-0.14541539260822178	-0.07273688150812585	-0.003557327895561714	-0.05001655223449333	-0.045026821567089634	0.32882179124183514	-0.15336605921492918	-0.012716968768562549	-0.12605283823161706	0.040265270326267436	0.2270589051288341	-0.09321602263106525	-0.1444891256178702	0.09677680418117988	0.05301939487836623	-0.1503119091576691	0.17178140369586586	-0.0010709728529135262	-0.03975823936450822	0.05621415574632268	0.2816969228981117	-0.11464889911513833	0.360444896562828	0.08517971040334071	-0.202585441793023	0.037561723294963156	0.22002636042220788	0.06502084960407459	0.11321362652017897	-0.09769177798024307	-0.10034075734411249	0.065989864376785	-0.008810509928771453	0.0546510805241405	0.04695780917700443	-0.05529340402961093
AGA	0.1271031652279573	0.1301837001042776	0.0768667016983372	0.003972893325787548	-0.0718594754629772	0.15595787686507656	0.11241273531318718	-0.13453125062072294	0.08598716318548193	0.024455431296834067	0.15896347055170307	-0.21229208722080226	0.11372754776800502	0.08662367541986289	-0.005731200227034249	0.25125229558006273	0.019251306183972465	0.06147747410091009	-0.22249878840617593	-0.5017574525210469	0.2821414734585116	0.05175739868902975	-0.09288002505271853	-0.029699373458110745	-0.204369963762496	-0.10188799431486098	-0.12304662518842452	-0.015849202113709306	0.05623522496116898	0.343743585230193	-0.059689617934531564	0.19998726405050643	-0.16402426189528588	0.01832449009289	-0.14873507840492556	0.0860090273998909	0.0885306204938256	-0.041238093701755664	-0.05170330326026275	0.12491240368617028	0.003566138192732618	0.07101393916991687	0.06552713561893472	-0.09848802485048082	-0.02193823347553339	0.052790729716418766	-0.036789958557241764	-0.029260496159513563	-0.006657443684162337	0.006731873410549399	-0.0018439416143499945	-9.716561037581423e-4	-3.782734613363044e-4
AGG	-0.033804569597171055	-0.26020927585130377	0.24205285327268286	0.10496365537774671	0.021164675679516354	0.036260172904516344	0.12977735978346325	0.002436159897131425	-0.030647306104575688	0.0063930021109889846	0.03237052344091376	-0.004760551456566271	0.09869712932695596	-0.13158894988217698	0.0651083581649585	0.1556077933952996	0.07751020077240847	0.1998947745344509	0.06893414236149563	-0.08539722634600652	0.11165373595937136	-0.38656506422680575	-0.001160358805547896	0.023052955551193185	0.06276928653424675	-0.1016974548414533	0.15253008389061132	-0.1592943205445347	-0.20032325261704323	-0.23802172758816428	-0.15647901823571386	-0.0051769081241167525	-0.10269058775927607	0.009621952311356019	-0.07840982263868593	-0.006504859127192956	-0.05892201497635963	-0.050056204851647454	0.029172125995500457	-0.043943396562960306	0.07386594488600674	-0.04375734239802016	0.0733435503159327	0.03979446408057237	-0.022076499236134382	0.0035918569566966846	0.11479016603902081	0.09204465898647092	0.015441057194966173	0.13214272342292277	0.17815819756949136	0.36068668381274444	-0.15805776357417545
GGT	0.05384741318699994	-0.06459173329776696	0.09948886037219781	-0.04655182492131818	0.0731077548039395	-0.23775819482756838	0.41620896757124914	-0.15551238166932765	-0.14021315518641517	0.26379061950848803	-0.1355109533907144	0.12223308632920976	0.08500323685185564	-0.11082160329540446	-0.08394032024573427	-0.04888206044731204	0.40082409803265273	-0.2170500265670635	0.2265136600533023	-0.16913416257763905	-0.03270932682061791	0.12756436987615327	-0.038243267010828724	0.1532098010204948	-0.04999526044529797	0.042206846032527286	-0.02003954730070235	0.21796693264498618	0.03670573394302874	0.08963453797277064	0.07635071598931985	-0.053731174393979925	0.00890271472446357	-0.06402471038500958	0.029335606089239515	0.07823319328048046	0.07660703753129407	-0.027161711607834912	-0.08688651493253106	-0.053393652546095294	0.04695254235436919	0.04600576098673394	-0.15113029570923564	0.13351948815181955	-0.016378613897486002	-0.02246742870573995	-0.026716272584455955	0.021475264036969793	-0.030060469549429505	0.05060824990130466	0.05824879090685309	-0.045893154553013626	-0.024939510042837898
GGC	0.11771462629672613	-0.06951145484677515	-0.10510765428479601	0.17901169810854128	0.2811916341137546	-0.09716191734877455	-0.16133228043219203	0.09744801396437439	-0.04769896279970083	0.04629116182708116	0.011355565168347508	0.12328397452428003	-0.03686347698581433	-0.012067842491237064	0.09292165988833911	0.024453471154756243	-0.07977033479079813	0.07915113742937237	-0.0981404707722789	-0.15580495863838062	-0.09122356696359876	-0.009253282918602567	0.0259932489425584	-0.08763166245736388	-0.0015041920169686761	-0.13843715064037546	0.08661760091595301	-0.09292357539255253	0.2065034164135086	0.0248390535120165	-0.16708653381134153	0.03864851713765421	0.2723031368117754	0.21526936042872877	0.040844934059028525	0.020390671510676535	0.15804057624555828	-0.062139987308919925	0.08462706095108581	-0.024325403829981444	-0.030733842372840863	0.390133391643368	-0.11275699002734155	0.1603191018042372	0.08157968048549885	0.2110886135301704	0.086050412033286	-0.005186043490854682	0.033838762296042726	-0.0018617488025646943	-0.07211026332357158	-0.06567134965689245	0.06907432043891623
GGA	0.11725596610798565	-0.029056897799130725	-0.0012763005450054546	-0.008141189297579484	-0.30824178974431005	0.17708833561950693	0.11343993041436731	-0.12100259139202518	-0.05989710522438665	-0.17935144613928877	0.04088287442886033	0.020828301786576037	-0.25904154686493364	-0.16133640892787576	-0.07942552954474062	0.1671512485726576	-0.11262013335748182	0.16906592922277972	0.11230814150483638	-0.06734479173673967	-0.07585018745224008	-0.09822819394307716	0.20620484985488222	0.017109154349200455	0.2227632877344967	0.0880734616201498	-0.029807894880834695	-0.022287471275320547	0.20609490534583583	2.4404835953735406e-4	0.160484161464772	0.1271498230218616	0.02948226991901566	-0.035382710326239616	0.18225269285746018	0.15319707438369878	0.01560577920656012	0.10286180574030314	-0.01068593196896829	0.009473995200203615	0.045869945608529146	0.0024818523791630223	0.21698856683593373	0.12760910580490906	-0.1820243117414751	-0.23476693325360612	0.06925518519265678	0.003228403633217469	-0.018839275391095648	-0.019329684195282932	-0.06045953612837468	-0.17238412877838472	-0.06596710750235646
GGG	-0.05578383346938458	-0.2234992454232143	0.20037896373046254	-0.12249514231456063	-0.02886615508490236	0.17129420568696843	-0.23753590086982257	0.10656125222134163	0.04951166293046489	-0.05723700293215756	0.059722475918466474	-0.1700043986601151	0.1795917945773769	0.2353439625429116	0.014273974118680872	-0.09523630193067306	-0.03440634126484748	-0.00935849733062363	-0.053898833391364226	0.13644577858961138	0.14650988717570945	0.012929505181479489	-0.11104574809164215	0.05188743036607143	-0.01569686649728161	0.06473815885766049	-0.03809667809778135	0.11803417358561034	-0.15188708796326386	0.151536033490402	0.1294306544696593	-0.1225355006607147	-0.03885658669356919	-0.15565136241115587	0.15540939560884243	-0.12605299494522493	-0.051844322016851484	-0.10414496464428133	-0.04391013400139654	0.0055217488814562265	0.0976946960127649	-4.2731678637671967e-4	-0.02201659139549634	0.13142311857148758	-0.1266335528005392	0.20757264423732233	0.11414186492205666	0.08681108785374264	-0.004753759937086109	-0.16251873556239316	-0.15674550870833173	-0.08108795938240465	-0.04283758318097139
