codon	PC1	PC2	PC3	PC4	PC5	PC6	PC7	PC8	PC9	PC10	PC11	PC12	PC13	PC14	PC15	PC16	PC17	PC18	PC19	PC20	PC21	PC22	PC23	PC24	PC25	PC26	PC27	PC28	PC29	PC30	PC31	PC32	PC33	PC34	PC35	PC36	PC37	PC38	PC39	PC40	PC41	PC42	PC43	PC44	PC45	PC46	PC47	PC48	PC49	PC50	PC51	PC52	PC53	PC54	PC55	PC56	PC57	PC58	PC59	PC60	PC61
TTT	0.08280744803914303	-0.10771271651276958	0.045907158920912426	-0.004460604345201198	0.02018864127611943	-0.07375841400914802	0.24633207878274602	-0.14016722617137353	0.04688500527219436	-0.001526706668732231	0.20265677903173468	-0.059320769762963986	0.13594926977609353	-0.3024668333347512	0.24823847456848075	-0.1187004268779343	0.3029732282008641	-0.1925993268075252	0.06723673861088279	-0.12241034107583605	0.13036439299279756	0.09467588514456729	-0.3474290960269212	-0.07781274999906286	0.0840326481923491	0.031165307318576394	-0.05169583334072581	-0.03645553394433138	0.1289886715421207	0.05052504498399606	-0.09661934714614935	-0.04765932947102962	-0.32079805454050003	0.032766607301695554	0.1962562942083528	-0.10249200616309861	-0.0028973168118677454	-0.002973354447867201	-0.057663645720481334	-0.024690344666294453	-0.1159917806481981	0.027344783846640953	0.14118858091394734	0.044643143725438435	0.07464232130498691	0.11346923994788138	-0.06550241454137438	-0.004694894231767883	-0.06253964219577657	-0.18649302634191742	-0.09935624944204954	-0.09995245656842303	0.02136371891183211	0.08034984483155229	0.02092483061864717	0.010014665128811686	0.0814675910400822	0.08295745428229104	0.11922136606543975	0.03969791047291884	0.07527559189201882
TTC	0.1917570279384474	0.14759429736622742	-0.08407592256202276	-0.056757020251734035	0.042885559418089136	0.10891817446153917	-0.2508557883278847	0.07349255063821022	0.08634603551605705	0.1345134283637673	-0.03290876485510125	-0.11242049222020865	0.04594471800830436	0.17475722200293137	-0.03404891119656882	0.05671650422105315	0.048846003523919	0.2001962169137505	0.05121915491698867	0.13735146070922535	-0.015704573868053098	-0.07513271953718423	0.007982511132532039	-0.071156579330657	-0.020403115691216354	-0.13930589958878262	0.10713419783122824	-0.06267097717636597	0.21718080041658905	0.08357599753571032	0.041370863485814556	0.019157003993168383	-0.16354442832579763	0.11673211023179485	-0.054104993465112994	-0.11078258822569377	0.13271769120995414	-0.0018387773853135456	0.08620282243433933	0.14109965588721174	-0.22519157745202634	-0.007859833931422193	0.05122081431114717	0.07438124276495915	0.21116671535516718	0.15447345030256984	0.07119266176314996	-0.10048615499081308	-0.06479319708892181	-0.36597734764830914	0.19949754742212755	0.12093931241202721	0.27293195479524096	-0.14937624172734237	-0.19589031017470268	0.07784822992388096	-0.03614785593682493	0.05078599688628366	0.0762656790432829	0.10231046508166591	0.09666328043519248
TTA	-0.18505369229903723	-0.17475535486920168	0.04564057706467149	-0.06865873454171531	0.14924320202793964	0.11981234672791863	-0.02185315703619156	-0.12248462240822139	0.016805078040458263	0.11527707375660232	0.15375534514244346	-0.007266482482311383	0.18141656465617187	0.04884771070127103	-0.03314300874428289	-0.17089556086099544	-0.05985635337450313	0.044318917254298415	-0.02733023802090642	0.12321592328412284	-0.06781948912107688	0.047692813239152726	-0.09029512947017487	0.19622844145601215	0.05700680696323984	-0.06948677619956554	0.14066552105348565	0.041741500038958004	0.1557143547327152	-0.17121906887242036	0.09826127030871734	-0.29254243158416926	-0.13233515535181306	0.016008411962507813	-0.22490088762598293	0.16854207512253017	-0.1812703434518778	-0.25082778917223003	-0.20944525904107886	-0.11623919009626504	0.15163636676550785	-0.11946283362559248	-0.10051636088214769	-0.08870096175215894	0.17477200725123265	0.010118718980889368	0.14364420567335015	0.052971323923316306	0.05603631977901526	-0.040821272618350335	0.1298822864513483	0.033918798637499	0.06016577787875572	0.033789993144295635	0.04836312915298244	0.04511386171936719	-0.04945281867751093	0.01758236001890575	0.16538699182878192	-0.30553426545971685	-0.07331565206791286
TTG	0.012316559330720345	-0.1218269904623801	0.04460292840285199	-0.14071027378287965	-0.09097904684154043	0.06490161016005243	0.028466772074821067	0.011531025330037734	-0.17896871257867222	0.18891015056925312	0.15539176239008912	-0.16320698462649685	-0.2216290335582679	0.17807864030945766	0.15799938180321677	0.10752038418319033	0.14514611545379563	0.34562033909358436	0.13625290230739667	0.26167046564352475	0.25968206015306183	-0.19082025861774823	-0.022283636000022533	-0.06869882959169743	-0.06531600934205097	0.09960891139077845	-0.1747463857698735	0.13462051490601248	-0.19800299983812522	0.12371550858268632	-0.20835484008889074	0.10498428769888285	-0.030730534465058662	-0.1806799342385929	-0.037602413649236374	-0.04756312889199442	-0.018002627904966352	-0.0036157857940364935	0.01173160320425878	-0.1138436785129566	0.051608657844073445	0.03328115543908486	0.09639100488459161	-0.08635641053698816	0.07508325741414446	-0.017219144582925006	-0.08119021101109536	0.09268097656255268	0.08428945504810467	-0.006263630229969369	-0.04627345744485617	-0.0677630285828555	0.02784925994499502	0.039999672321474444	0.017595533469803797	0.06618453039898502	0.057517302135587506	-0.052668565125124495	0.08604123156388076	-0.2806285278996133	9.835043064715804e-4
CTT	0.11507488676404433	0.12648906215092348	0.17739028050812933	0.08959045972921381	0.04796321386476292	0.009186448801992514	-0.03924530383485669	-0.16021563335518818	-0.14798320317796643	0.26689925130754344	0.08710970467782661	-0.1651878548065992	-0.007511312391185618	-0.1516438426654952	0.004909095712766376	-0.19271762862959163	-0.05379174809719925	0.17678602186093534	0.0022977602495694166	-0.20114140841709321	-0.2407399093763391	0.090554372134721145	0.09938038463381171	0.1039223330295941	-0.0756915900690651	0.145576122083694	-0.07734133533937207	-0.18938905800921527	-0.017712796547586937	0.15012929399687397	-0.12056434623033513	-0.09664289064389135	-0.015503896640628456	0.11743676348007437	-0.08260476936802205	0.06912620031308642	0.0582154389485532	0.02225986565238438	0.013647236787551541	0.15831686224747002	-0.1520722028837725	0.07531908249491354	-0.13806043155825104	0.016321723664106908	-0.03758942338016861	0.12460628611036328	-0.2142607005606703	0.09976672576155954	-0.26727176156869537	0.18402035103479547	-0.015101614828186366	-0.07908515579365956	0.08285430601474447	-0.22187268485014577	0.01145095458016181	-0.07362533604243718	0.08353846811495673	-0.0482845685965961	-0.0968521514701146	-0.23243144827138165	-0.12111224966098443
CTC	0.14595787806952773	0.22360101528891269	-0.033126951298073026	-0.15446431059616061	0.18619212324230988	-0.01587485593645238	-0.0579315885175663	0.11037102685084221	0.030980330831710905	-0.1089457510982689	0.04565895565594691	0.0687852307720319	0.13994459606795498	0.09879233817218014	0.0380515528167395	0.14248484710748943	0.0038650519568379973	-0.09969769354342381	-0.05215137485253969	-0.010993993292388662	0.08151428620209819	0.11900717028261334	0.1737627603404137	0.060268184963506305	0.2524799960709105	0.06129086621852409	-0.09225155725712111	-0.1461254066612892	0.16222931322455186	-0.020443880011882992	0.030976603781468846	0.016296758518111243	0.07486530974750498	0.008417246385540209	0.2271857287014819	-0.07144564323436874	0.019208762970171912	0.0481367520195414	0.021570644714092004	-0.0047247879053555954	0.12058718373610619	0.12352356501629765	-0.01533406443869377	0.06145550444544978	0.026042642170522923	0.006639541757763934	0.02939032622915485	-0.0642441533922061	-0.07816423965430305	0.028835547960409852	-0.15248172360076145	0.0657781182436122	-0.20064417639361676	0.06195488253671004	-0.2748446325161428	0.17440843601704212	0.15448015698659706	-0.09682170516508376	0.1197758258992222	-0.50076781319951	0.0420964460263305
CTA	-0.140273942373513	0.10780681614659592	-0.09410135184451285	0.09968691952692796	-0.2058453477614574	-0.2212792041372725	0.0801172594382378	0.09496347951703621	0.19419583343502467	-0.0071985370510620015	-0.04361672499310896	-0.05201876792740159	-0.17685664933745404	0.08484934761484683	-0.07805404754525677	-0.21415074156172928	-0.02045723679072342	-0.05258932600110354	-0.11250467511342313	-0.06086585102648999	0.016526553661416088	0.01773408115948824	-0.016456357794914056	-0.023084205682407016	0.010699244361674826	-0.08697385989995671	0.025394246606192147	-0.08171830217875828	-0.1371389274214231	0.042822961778412834	0.11647273597446348	0.23249375373142023	-0.08840366510608824	0.1515990800495233	0.01831301676691037	-0.07380227437128539	-0.10489901019184225	-0.04079056839224849	0.032084533274001015	0.17747808957785619	-0.06891047434909053	0.16794842855575176	0.1110604004076812	0.0903658060906796	-0.025104930609654907	-0.1253919348605386	0.03363472043794767	-0.07134771729652656	0.033787699802944965	-0.1003508736125594	0.012648208131052774	0.00028285753384769963	0.19580740195715501	0.09947080617481854	0.23553277932535127	-0.12364065178270332	-0.2154310765423945	0.14836408075327634	0.14896430180325274	-0.4473294901506335	-0.08509063633196334
CTG	0.1497273111031869	-0.1774743844049204	-0.04091981902429592	0.12584357128183	-0.08642460854528701	0.11999044847779622	0.039809913981281364	-0.03022155762732877	-0.05526781574452671	-0.22896089372131273	-0.11174047577542784	0.23844347811638344	0.03044899099323467	-0.21693222091315334	-0.14436122390846678	0.11341870685920197	0.0010060721955114371	-0.03676143764171973	0.1267735792709044	-0.02833966440821188	0.02380875990243078	-0.09232258229919824	-0.14819290299451313	-0.1748230241796469	-0.13954734186484485	0.05028803194691493	0.08997895494215234	0.12154022086574545	0.08842673359463424	-0.0479647930136042	-0.0371751944014959	0.005497923060014134	0.06576156252694615	-0.11427685178388614	-0.07828920266460981	0.030846618193081418	0.19063037306585934	0.11564538428140479	0.17598890887725804	-0.18728993517751355	-0.16337854772822172	-0.13316571165767577	-0.06871807396032625	0.04784190087793955	-0.06571046162801103	0.05786995387559209	0.19454152772140565	0.019943059914746007	-0.10372105009057506	0.04519713446509532	0.04303137960855123	-0.15146642233401153	0.15735019961115862	-0.12852690791380122	-0.17251336798392886	-0.05878855693433144	-0.1572297947949964	0.05591469869801461	0.05232873085683262	-0.3889999461236371	-0.17286498711294934
ATT	0.030587700727399855	0.15307816163843552	0.12264564894218585	-0.07662996667444948	0.05735702394937403	0.04116192670548019	0.126842067534059	0.3626731646396062	-0.01784921821694649	0.1306141092591497	0.13367329001299788	-0.070087140472326	0.10106783785150911	-0.19660292851778052	-0.2027189418895539	0.13350769052431632	-0.0190518241194971	0.1054609178805486	0.0287685891334774	0.25337126750322525	-0.062314870759658955	0.1632144752943928	-0.006973211197733642	0.08580452168933492	-0.04693148138667168	0.048727565379314705	0.17076726357965286	0.1301748923032668	0.0070125110818695935	0.032945330962581	0.20969324272650267	0.00320942446531447	0.09459657103035987	0.11057031859609044	-0.06837168705813508	-0.23435546647066646	0.002176117919552373	0.03755939766911228	-0.12353492780387437	-0.10440369400697434	-0.1430381490655452	-0.2058182367660978	0.15203586977412623	0.1456230338355082	-0.15036452304361478	-0.08601067267301535	-0.13996958506814397	-0.02493268912858165	0.00815264200691801	0.02404037873135767	-0.0808842830679678	-0.146380094343463	-0.002386727130209723	0.13158199194128073	0.054085073088501454	-0.07306531675400452	0.20181550100617301	0.1588652265668885	0.11327255075591655	0.03731978737623695	-0.2093443499158163
ATC	0.16566758426818612	-0.03396882302491287	-0.10250906850655472	-0.17173637917781567	-0.04257985780730711	0.11329197188784729	-0.08828775053169963	-0.2744282393516441	-0.023775977817966393	-0.0035402472794346176	-0.12558973845989876	0.11701380073583287	0.0476506610681732	0.057202124332613236	0.15084311253224114	-0.20868266184145773	-0.05943041125554746	0.15670611495432715	-0.14872095793746054	-0.12448874563743745	0.006570475502110679	0.066671790487003793	0.10314843224328046	-0.029345754705898244	-0.062111594684125956	-0.223673618191684	-0.01894746382161861	0.24087579454220492	-0.12440106558554384	-0.16455070716982437	-0.14133257686984163	-0.10597093388875309	0.1787174936651939	0.09257283037310172	0.11846220348232411	-0.043529952013727335	-0.15952625881418994	0.15356606623669283	0.0584562209409656	0.07262270106507657	-0.1119301272054237	0.026692475974538714	0.1163841440022467	0.09579691107658146	0.1253269527463572	0.10114882427092718	-0.013345116866304355	-0.08841175221733065	0.05431488087426317	0.10090227996532386	0.019330282630660625	-0.035828910132900904	0.011063882967322435	0.2708571579628097	-0.08888943046983054	-0.08419113247976809	0.17617915966915523	0.14728259889920622	0.20655192486454949	0.06033315541185724	-0.27871828770663143
ATA	0.09184867429882246	-0.10446233206304166	0.014931471427722665	0.0527695548134256	-0.01976144801101065	-0.2883569763510404	0.054152521513300717	-0.0017144004408892743	0.21305726242083906	0.12150778498036806	0.137087255094536	-0.25428074502575265	-0.025012228918056212	0.19368464870380014	-0.036832178946533206	-0.07233031289764787	-0.15286315524293756	-0.24438565536544077	-0.08309925676461363	-0.0186110018218114	-0.04757420032045104	-0.16139563682052932	0.05999259744893226	0.040109249870377034	0.2796382046202943	0.039213078050702926	0.16551574024686844	0.06312880717139435	-0.09441494497029958	-0.03802698302679137	0.031189858256919032	-0.05063972307985658	-0.1287060853617955	-0.2979456929622811	-0.1445461432841622	-0.048908453539097466	0.01681941533981627	0.09893854181995472	0.26302645238517736	-0.028444703556263485	0.03465573900811805	-0.17745741088564948	0.11193761952120111	-0.06303948762107213	0.029885262899591827	0.15429812268376852	-0.10409836222226579	-0.010896515601826733	0.013920575084271188	0.16371427535331645	-0.0750239113939336	-0.0687892081992901	0.05070343426954977	-0.06735924004629551	-0.29222652461318	-0.06142892252697643	0.028615094769456464	0.06552242281966703	0.06527297930615476	0.05882904244426154	-0.11810271939468409
ATG	0.28785951441437724	-0.06189553299806899	0.10180169752067614	0.03449819977906317	0.0077770714120052875	0.014809273014597502	0.04366284156436315	-0.10319340834800023	0.039280092478502865	-0.029232332726206258	-0.042869676295620496	-0.08300975546528738	0.013782318943933614	0.055475356441968104	-0.06388663893147968	-0.05968782848555679	0.016512217070618673	-0.07248000992273862	0.10956150295216452	0.04514869770971261	-0.0078033913684883785	-0.01726426341750986	0.11806784447150778	0.10687683708491304	-0.01475349185889177	0.22707313685378827	-0.0927631034545374	-0.05049408994190834	0.03464425667668333	0.04464416690262044	-0.06150430271347746	0.11174048874833617	-0.034848400562638576	-0.09984893381113992	0.14347626731869054	0.04426354644432209	-0.1725370287253748	0.00420170169314511	-0.2914435766975661	0.089979810827279	0.031040941596569824	-0.09663245356518635	0.2844309579229301	0.3899317506249065	-0.0559460079668986	-0.1152159786412179	0.3364258613795738	0.12949346732151082	0.15887891508122354	0.19026641665830737	0.2268192428063526	0.10289459553469281	0.0440557389570887	-0.23619226324138665	0.014105692767681055	-0.03821410827766496	0.023554330585465112	0.027421596215462127	0.07984975497393158	0.04976808034232018	0.003536200425065583
GTT	-0.18127275940121776	-0.06767304533458297	0.04765989385676756	0.004101325015390567	0.12276188928952532	0.0574882447859662	-0.25495418274337006	-0.16452030044408777	0.14188332259315742	-0.01896344101290101	0.06996979707924736	-0.17967119966990525	0.1575664528924465	-0.09927385247188819	0.14419887821885796	0.13373235488720647	0.12185593307112154	0.08839558296990793	-0.0736448780407873	0.12948421964280685	0.08028834434286071	0.0711353420568367	-0.0337374840827623	0.1745237416084609	0.0791011672254663	0.07993548196520664	0.12153694596385214	0.03504791025282331	-0.019175169866729513	-0.12898681597608125	-0.06961425264086475	0.09870416301020779	0.013278358802392408	0.11488769953204495	0.15626465406578913	0.15525453896417954	-0.10813951208662607	0.13524361733096799	0.23938535212133447	0.0028645419396926344	-0.06746952184233364	-0.023000189960225154	0.04297765666409742	0.0366265078106535	-0.09017910798176851	-0.3759582123983462	0.055163263425555296	-0.1440335286396639	0.013864923462930155	0.10636096190980061	-0.16740824585106606	-0.06349724414663627	0.340929978964283	-0.034416692085640126	-0.0530899629041918	0.021490398789217192	-0.04265692939284535	0.017584254145809386	-0.2703952811590916	-0.012452675645235858	0.014647780878031924
GTC	0.10597380323408567	0.2341671612465242	-0.04231499157266744	0.08970558447717503	0.22143759619445236	-0.014692845154004958	0.15422954562649868	0.07314090718753569	-0.08338360349130465	-6.533274544252837e-4	0.1213647902972382	-0.09870643432717868	-0.013240622317636203	0.09589284032001316	0.11146385133303795	-0.080697192042014	-0.18338720997702307	0.012548145043137504	-0.1045805578791012	-0.08049058057863631	-0.10964952236008636	0.03713825799185947	-0.07494333912269344	-0.02757063627630457	0.022069284382462653	-0.18018141068900626	-0.0343119419295356	0.3624208582162904	-0.0870033764158718	-0.22950331807068353	-0.06417883389469062	0.08722862027882046	-0.04389266433765607	-0.063969441242899	-0.011359443539706776	0.0075965489129707076	0.26490537152186133	-0.1255473060350011	-0.05030541184782926	-0.08256498394588763	-0.07712559447908113	0.0659651268101187	0.07519589049519818	0.13264050410931827	0.08021550191891884	0.05888487545274247	0.25018422986252004	-0.1417070165177703	0.046141757733560225	0.034474001554978116	-0.07414292397175741	-0.22238359726877976	0.02719643555390006	-0.1410481864194466	0.23418938113893736	0.20327145209195416	0.03983920464053514	-0.1117209447034288	-0.22346518231427673	-0.05265146973980131	0.08994359805304224
GTA	0.09039614492104824	-0.1380519355437993	0.0801311382376877	-0.05329570809380357	-0.23280498718552176	-0.07340175467899623	-0.15132066407858208	0.25111339567817337	-0.14160646437671154	-0.02964724971174589	-0.03519463090910817	0.16687319514828886	0.06616569625665439	0.15171222281182561	0.05166638596138273	-0.1261951432946102	-0.040170868826715944	-0.056277596892552434	-0.15076264144524698	0.16161016764481936	-0.04236901227876377	-0.1810932395298688	-0.08445789353671741	0.17979651884225217	-0.078492056997482	0.03547705021589172	0.03490687741980028	0.012419380730884335	0.062030250606991695	0.09743270709010148	0.10443138897494492	0.042435819302183736	-0.11583084450922046	-0.00609992043607487	0.3408132299810116	0.03415856734766959	-0.21209802582417359	-0.09488813051543844	-0.019857072236505152	0.12575258880575027	-0.18025134037384352	-0.13850967149250132	-0.2950482596344274	0.06999314285683939	0.13312533887689607	0.1700436741291494	0.05062200893051465	0.060937433015236714	0.0465455747350753	0.030991052266542897	-0.20147039871577577	-0.2819420777188287	-0.0030170007789746267	0.008357334602697282	0.02058393818244062	-0.03445957141108639	0.055231620456850546	-0.06837291956122617	-0.1692253583690737	-0.010627123357052265	0.023580457336796583
GTG	0.14684279353889074	-0.15827692319528294	0.029288491995948747	-0.13038731956702976	-0.18811894668980078	0.0780540081914888	0.1964115343856585	-0.12525084149524818	0.0595960592747026	0.05127519755264296	-0.13729776207281824	-0.022678365350508725	-0.04724315577743604	0.003331851695075959	-0.09780613530553178	0.014887130735041346	0.18607576718754357	0.016266449753213383	0.224519568562123	-0.07633981118639552	-0.16204178521369303	0.044271939341600106	-0.09816597322084043	0.08735160921793482	0.01271208730083026	-0.17961827952146214	0.03391969324581068	0.13706176005555562	-0.05004004353823333	0.15172519554809283	0.38937674354541296	-0.05614934989406886	0.07129290252533628	0.13434977561458503	-0.004337103235316093	-0.06432174665161876	0.10675757385218594	-0.08142098955771887	0.19950417341763896	0.17425464468319693	0.21840582870362713	-0.06700418360597037	0.10827659948740853	0.04930470601986281	0.16631711532978505	-0.05500526147511363	-0.0036423136372443	0.07577244608638996	-0.031612644308939404	0.20411706819234499	-0.08398445116682475	0.10083123754445537	0.1073404425063623	0.0903332469841503	-0.002141379741904101	0.2232510061728982	0.10991915485128044	-0.12312993454865559	-0.1756788941479832	-0.08580690057268309	0.14068589936515408
TCT	0.12803532470389595	0.006873248963475127	-0.06566785571742406	-0.16007138034664795	0.1026121764673692	-0.012905253884757613	0.2081028249778377	0.011121302181467174	-0.1869908602137533	-0.09906398494392811	0.2350863666047483	0.017580291558020905	-0.08554048173332968	0.096758579818495	0.200388983420474	0.1196973824797591	0.2924421676313107	-0.15836013658989703	-0.1761723151160231	0.14929348212112006	0.012133044712762192	-0.20107423934212243	0.06746946401367201	0.0662843511157934	0.019092458651015	-0.14102918816298915	-0.012602745496692547	0.009342446802535612	0.14404138784620052	-0.1025495323650997	0.16930985848450483	-0.14664063880364014	0.09155174290341037	0.0910242725055934	-0.06658948969012579	0.055089411025166735	0.10836902970524862	0.25484447121178383	0.049470804639642436	0.24471719139123627	0.08931326731345665	0.09655664148646707	-0.16257921468355685	0.02931640912118777	-0.06939069208444497	-0.07990405440593559	-0.06951994952639456	0.07620621954134281	0.04693139348661842	0.021137825417332466	0.1155527084343027	-0.014157950684711079	0.038360527747954225	-0.23929158785771337	0.17946548615682612	-0.13649746737143337	-0.10370177915779562	0.08307240972217746	0.042908711086152934	0.02514091455320753	-0.19262856036034262
TCC	0.13600739247299493	0.20004562461831543	0.11119121970777349	0.09046242400464352	0.06975431583229809	0.15167205332811284	-0.18323979811033683	-0.051787729495460455	-0.04567924009914859	-3.8737917001957153e-4	0.14385798417971493	0.050854492301368015	-0.13869584493401776	-0.10797086905798578	0.14213603849715822	-0.1749817324789222	0.0219401676871194	-0.111300055087392	-0.13274795090691627	-0.054239821235967434	-0.035452588475455724	0.07195452956580749	-0.15175988917393732	0.09476974134264943	-0.0729665991752244	0.06741835300567142	0.20526149840799307	0.20754109009578994	-0.1094518056066815	0.33995359519891666	0.016106425608788458	0.22928503979739842	-0.03940918078384248	-0.04634499580039339	0.010792665316027739	-0.15171146469956956	1.095844642383134e-4	0.021546713235385942	0.1440041864484839	-0.11715688654130874	0.2688327404354892	-0.10533713029472476	-0.24714908903831892	0.026324857110358372	0.18635930631103353	-0.23587139570568588	0.022833461833637422	-0.08484450387709416	0.029002280888610468	-0.05140933744489843	0.1636863795577538	0.11377278257835925	-0.17179017365582896	-0.028106187336693712	-0.05993218940146939	-0.061064161908224876	-0.05578160015885278	0.002787523743254444	0.09907991126996638	0.015819978601610142	-0.058062780037048956
TCA	0.09556732437710638	-0.06061799325116936	-0.11510480829817016	-0.008747282869315757	-0.11500187091417324	0.011541537051701009	0.021143032518701282	0.31355097517231106	0.29566887782988593	-0.05437458944145787	0.05949617166671053	-0.19486594002854735	0.07297265603758854	-0.029129866545638317	0.14497909749027604	0.0759721252999894	-0.056606446251362075	0.22993847993715139	0.13022841911903799	-0.10836485184554984	0.11776236361791151	0.23485986545745552	-0.09096789236512144	-0.12419583856396338	0.04006097602396788	-0.13751545361373707	-0.03813881920576707	0.03330399715138982	0.09625505696052776	0.1769455469565266	-0.1131089303214754	-0.028414394074424032	0.06498797413333576	0.031017958996571858	0.016623149106517215	0.2265772136198702	0.06906626401454524	-0.12445114831101346	-0.125142407159824	0.2127416840784774	0.1792890920108796	0.012747747520633339	-0.10594503600452224	-0.13534989238938078	0.12076204647754514	-0.05137651274531026	0.15561046654557265	-0.017786653863932862	0.004121864592584297	0.1662159892293159	-0.08712089145616324	-0.12177292944194208	-0.12658323259124377	-0.12186098694866068	-0.10393487623373218	-0.17677372835220598	-0.10080250437212855	0.14192272860651395	-0.011603991161815583	0.0691567519935082	-0.20577271448450302
TCG	-0.028100024530276758	-0.029039683781354776	0.09241828514237285	-0.06417563423669351	0.12742201934289482	-0.08134866818419059	-0.006894663339182887	0.14383340639283634	0.06975019409167432	0.030106337878745656	-0.4362730592984496	-0.1868289009596451	-0.011488876882038286	0.023514996773788654	0.24891502085649458	0.168515869576916	0.05696805183537744	-0.2799246241259883	0.05431091325613973	-0.07705664400746746	-0.2573135315487028	-0.04807462985069392	0.07429506491804262	-0.050429750029523324	-0.2913327440387378	-0.10377395756290969	0.015872438090861418	0.11721450993252175	-0.058423049370506984	-0.009773350932086158	-0.16384404651644632	-0.05226484181455125	-0.07668412553826585	0.06211318618447456	0.041634062822298756	0.12489154834555377	-0.027350629452218455	0.032364086967316116	-0.12953278272826765	-0.012605529136559726	-0.05954414157574279	-0.24057395591793596	-0.005084173046244218	-0.08303524507418672	0.06397409550448623	-0.16875661993050214	-0.23887315858257308	-0.014441269190063787	0.09855473925913137	-0.08999218330437693	-0.019558936727017112	0.01746061211837498	-0.03142855757685425	-0.13766512123829608	-0.006384805165786312	0.11547622175452837	0.055611165750622346	0.05476607450497465	0.13374535046344901	-0.1727607259385644	0.025404615455601687
AGT	0.14124398811591438	-0.025790869820440335	0.10055562799110462	0.1016517350688923	-0.12608035577262555	-0.21514112567904617	-0.23170409721140994	-0.13408323495932295	-0.030092329227923292	-0.10471001891863413	-0.03140931851047221	-0.10252624218119233	0.08655056523174787	0.009512481135772296	-0.19191890088686656	-0.10130890403615173	-0.06555365350145241	0.26646921265624757	-0.09947432951314263	0.11593150888674908	-0.10410272583361645	-0.0012560722286305403	-0.12856098316929038	0.016714665789112963	0.041310103631156773	-0.14310790693721276	-0.13681350786637664	-0.05100789219056772	0.027357800118550213	0.006073492631584514	0.10365011629651824	-0.1868761470241862	-0.1435738678043174	0.04217583745648466	0.27690359132785874	0.15856779021496192	0.3540999370905932	0.1263151642795963	0.07194411802097309	-0.2059682822530811	0.1265985728759388	-0.018188598873688018	0.08102803313077298	-0.004329488288676877	-0.12856774717221506	-0.1310029343304907	-0.12981367381398518	0.06519973950878852	0.21371019291996696	-0.07856520455720764	-0.0062410649567070375	-0.029658950422319003	-0.19438121755946053	-0.06154918009745245	0.11762220806516652	0.032563995916851746	-0.027977105126132815	0.08704684117005064	0.14769287342622597	-0.01798376736570037	0.013747433196316189
AGC	0.08709804627680637	-0.10464047242753913	-0.042448479307326537	-0.07193182612824815	-0.13982021725523858	-0.1429065777714887	0.05885580662349116	-0.22551085428570772	-0.0937623140202972	0.24403983514089952	-0.006956581052816949	0.05977593249123103	0.0637368481611093	-0.15187222674094997	-0.16663215631134654	0.3312122473198419	-0.20477566587448962	0.010460081553146927	0.19018885946044528	-0.05702860024938361	0.09559147467681842	0.008600438430358986	0.16601621569916342	0.23241368813411611	-0.0067494489308217165	-0.07597561595072408	0.024251655218369708	0.08149681328096207	0.09479346152740246	-0.2287466345829513	-0.061499009522880996	0.2638172396472702	-0.28340295591504117	0.010576459139039651	-0.01643067758664904	-0.07612034961025727	-0.02184748677033713	0.0025923930879250597	0.0857404897116649	0.1664668582196779	-0.01078527873831106	0.037406240297944815	-0.13909512986622657	-0.03452449489630872	0.14137275703014573	-0.15602756016707553	0.02785090815434088	-0.12425422269256396	-0.055961901366708006	-0.08541517601585272	-0.015175627810650169	-0.06484895441057698	-0.26637622239116926	-0.07223446730296111	0.12542418512161013	-0.042543212241397385	-0.009844145778704794	0.0191788020951002	0.08269049651374957	0.017539429762251237	-0.05299274558610571
CCT	-0.03237312788232113	0.21120575318116136	0.01052532722446932	-0.13091771768974964	-0.01463176217399882	-0.025853529703713463	0.2369253575457939	-0.08862456240855633	0.17656595517907853	-0.15613848213781076	0.004074419266950791	-0.06605320696383415	0.09424760976127744	-0.09304044136331735	-0.13706258913212271	-0.06679495382422573	0.09086300601344768	0.2661284570805039	-0.11321882391660565	-0.1730479204071363	-0.16575036918414457	-0.2813808922228005	0.2671473067532364	-0.18725849109385306	-0.003505088267477252	0.1419531773455811	-0.018763030044395376	0.16987963167284206	0.19375661370442332	0.02947605073782926	-0.005558578797918476	0.058503142239500705	-0.10960768679156552	-0.02462780080747352	0.08127702315327195	-0.003408106790926558	-0.16447603500323907	-0.017951187497434094	0.012242361455174267	-0.05980084264311929	0.15862442815152786	-0.10947722979132149	-0.05300992473687888	-0.0649429817136012	0.01302151557060257	-0.10116358273819051	0.03334673719709525	0.16703358003342167	0.006906290678134988	-0.25819037906393605	-0.13214265325494456	-0.0662960063758299	0.09526141418615146	0.024675643441153323	-0.013285420287013197	-0.005858842342752493	-0.014073043803796911	-0.2550587093676011	-0.043598009214309896	0.061341429942933	-0.20501437940792425
CCC	0.13383555136125946	0.06867874718039263	-0.14786887705865603	-0.12853456576921524	0.09926241739322475	-0.1387024887529188	0.04488098964484951	-0.07231609099831553	-0.13178840819954785	0.21999407444414087	-0.17266317187733626	0.08749615152621033	-0.06163256778789545	0.07475845962529423	0.027956695801598985	-0.16357407455945014	-0.034135527656412173	-0.16781055019635338	0.06856415181236061	0.17309589117243335	0.26528362515356807	0.34662914629358954	0.09730674522299555	-0.0779860410293737	-0.11723866477297074	0.10021159786056727	0.08204851200445382	-0.11979621750102798	-0.06343921539838959	0.011008089691404592	0.12524947319269958	0.10864140999309387	-0.06516394963501929	0.12203216955996991	0.03163862656485497	0.2686993129592859	0.11268742177446762	0.061337122498511636	0.011527648977778707	-0.18785823206995664	0.1604078963674836	-0.11186633500171296	0.0526340453154677	-0.05239564054629832	0.04113112349613019	0.09669517299588978	0.05877540020557252	0.09964487937588253	-0.03431842068055316	-0.1325686191770674	-0.20345857372005974	-0.005551749395553918	0.16391936107392038	-0.03886486460767405	0.03226883303353825	-0.006050102024982625	-0.06937773056201431	-0.1566441546396692	-0.052925890098857425	0.08796181249028237	-0.27199910272802674
CCA	0.17784969353587507	-0.12217886415413826	0.02441888230383261	0.17858604478748763	-0.1256733855887785	0.17806686887627923	-0.13120741425591442	0.07586179932829751	0.1083294363348662	0.094826419326276	0.03759175048912586	0.08847983623450242	-0.058034420352405344	-0.03325595118116986	-0.10686137699789072	0.01062704993071048	0.11209724761542753	-0.10172067253871342	0.04007920453810422	-0.06305697141012695	0.040024324393790014	-0.06348320131885349	0.06588324874197037	0.09339763591557193	0.19418171368683088	-0.34276231554432324	0.028710706431098826	-0.1372921722453468	-0.10806835645400763	0.09781191690224889	-0.26459569969380475	-0.14180583012576142	0.06469279602405562	0.0350794529175675	-0.08618921383397815	-0.11888205661134034	-0.16508765465961112	0.08859760240961218	-0.09584846846815133	-0.08169498781113235	0.2012017700049911	-0.07312344541861521	0.002911398200596327	0.06773084918557987	-0.20902876569322565	0.04307457712082867	0.01923364845341434	-0.21144330978245196	0.018993441530046236	-0.2266491314837049	-0.1900558806665104	-0.06542347327322677	0.07288651130304444	-0.16323898078591875	0.18682114510083575	0.11483777512544127	0.08630306698670924	-0.21567489236799425	-0.03274431608034091	-0.019323203492219228	-0.15651835339807457
CCG	-0.007858869007244097	-0.05972034702114643	0.10966447325396107	0.29323548502397073	-0.13767162297182886	-0.18753012730767682	-0.03420997371421485	0.011336226998562422	0.056370835238961366	-0.250323544694205	0.16661390432161613	0.056266365579070755	-0.0770233277515962	-0.03701507481069619	0.07066119666878631	0.11652957051508464	-0.12400184702661549	0.011672687405622273	-0.09741357395061005	0.05894210239236189	0.0648533239879254	-0.03361610039294151	-0.08056898583336136	0.12297471176599054	-0.08754960158125968	-0.04115660946247318	0.2041436851795626	0.035781982418086986	0.08656210681828863	-0.03784506357000496	-0.06500946729237218	0.18590911115455244	0.13113166035223212	0.043285085203086354	-0.09675018449090264	0.25478945458340935	0.075620165646281	0.06938369152560432	-0.15040966628139535	0.10747984134045419	-0.015898587490665333	0.10108120211912246	0.12866065469068094	0.00469895239410404	0.20177515510885233	-0.004497612952621834	-0.1107812172272561	0.22721037128324018	-0.15883273866929037	-0.08609050054728959	0.024990833321934164	0.15223352304070836	0.09027084490904848	0.06570458221093467	-0.009350425803182499	0.19627078531752454	0.3504779308240028	-0.18824672323830172	0.09442346176189621	0.02208209613248016	-0.14115020209485618
ACT	0.03809372367938623	-0.17758040594969726	0.14152839194053632	0.09384429307822942	0.1252640934010781	0.04939940385307432	0.08190490376760168	0.07643744184640201	0.2754659606725972	-0.06218778016385036	0.04938893739636504	0.17274371930154378	-0.1642258991293193	0.15597275043971304	-0.09738812558985044	0.1793770374441378	0.11530207449426763	0.13557953059396116	-0.17945400236880935	0.00432214450948093	-0.06395800081778541	0.25245367824770437	0.20707448299307557	-0.03425839613185039	-0.08217331407476774	0.19665046642385758	0.025606567495855492	0.06002876727591979	-0.19093818649360397	-2.6255074937958645e-4	-0.018468210111533545	-0.14641662667629632	-0.2225088610481106	0.12163869643491478	0.021873876124482272	0.044305533940496133	-0.04476877098708858	0.21131312179999948	0.08332671395566502	-0.05261619025150418	0.07159296884071169	0.05034410519119137	-0.09689354478940747	0.053519745688884915	0.13645551923946436	0.10928196393287003	0.07925430894883348	0.007418184550673556	-0.22647610613092645	0.064666872072105	-0.0014357451710361457	-0.18891482465907516	0.017396441815122857	0.002420506119841001	0.149199269175939	0.0941857869328565	-0.06016921295929846	0.05710587473710865	0.22531185552563943	0.084464444111418	0.2269339424359885
ACC	-0.07367706692157472	0.2625814140815066	-0.07620641995547338	-0.012446166025325436	-0.16255549318142318	-0.012193528859707694	0.1794318726141424	-0.07818238413430258	0.0476627468880057	0.19488578804678977	-0.049851916031446286	0.07353067003394997	-0.11118770488294145	-0.21000267800211822	-0.003920553703392504	-0.09588436263988881	-0.07468952355095537	0.08154863466317626	-0.10690786669039704	0.08304905094571861	0.17296225590644887	-0.1916992474011541	-0.022336155690076298	0.08226333354207194	-0.13679679288150554	-0.11140551590484438	0.09660505705681033	0.025862386577575627	0.17963342925861028	0.010148542533389274	0.003600724097752861	-2.3182229964315015e-4	0.10485001382454662	-0.056547541018341606	0.058851669146264496	0.188899336516884	-0.06565358339359302	0.08464228325494097	-0.15985750359832435	-0.04293571155977708	0.19063588611276588	-0.017514094169571226	-0.044265956909416065	0.1133747385821288	-0.06866956633398417	0.06628457326687492	-0.12114827856424631	-0.21247094196471877	-0.07299195764523027	0.19836591294437553	-0.11635235381026314	-0.09635712069358941	0.11909020757499751	-0.1384580656760833	-0.1799735428204152	0.19372659951545643	-0.11133624395061836	0.12583538150554102	0.21788503142875512	0.05497201954798073	0.3175917716971616
ACA	0.2103868719607316	0.09657225068144905	-0.08674405346105472	0.032660192483627094	0.05676534185823613	-0.1555397744478857	-0.13785871465019406	-0.023059771931833967	-0.09410147893980379	-0.11288363439093356	0.04732718260217665	-0.05802994173592989	0.27065832648776084	0.10482890457908994	-0.1598576722525642	-0.0964411720936581	-0.036246879344354166	-0.11116901525812486	0.23042857545981632	-0.011244151565767413	0.006716835381702535	0.04872835162628528	-0.02686573949246063	-0.046603731799622294	-0.02606956106433695	0.025888217516950196	0.04757441109199369	0.06205065812919011	0.12047769848645401	0.05733040121252937	-0.17131290750046363	0.0264495100158655	0.19102914431657447	0.05461526623435706	-0.16188536199197193	-0.22312967606928066	-0.16489590783961455	0.17587472406455978	-0.03782365992883713	-0.03695621468545747	0.04256412407103699	0.14159724736602397	-0.1016588718563733	-0.1975191206482752	0.16512006194256976	-0.09619204584569982	-0.07604381912524447	0.25943838159873367	0.12700706056586342	0.1252587103980056	-0.16213074017879409	-0.14759968029340995	0.2065943529152378	0.025293553575336344	0.18526586199102218	0.11878889900234203	-0.13239945572145023	0.10920759626730933	0.11555443102959717	0.04613063101058888	0.20796634224635058
ACG	0.037971621852669155	-0.160130654989846	-0.01737724500920073	-0.21010489501398835	-0.17565456628638365	0.044459842233528536	-0.03660628233139035	0.10112134973516657	-0.2808812325755511	-0.13216656220061512	0.051946200238545105	-0.18064131857749116	-0.13419466408067207	-0.13701432764428226	0.05411186383171904	-0.15518037005529217	-0.09057991347269759	-0.008174295092050587	-0.1459606173088444	-0.12707781312901384	-0.011092640134840626	0.09936537750510664	0.12671680417478232	0.09694048417961729	0.08389887159287737	-0.049312021488340615	0.05870118195777424	-0.03262083254784802	-0.17097901176272007	-0.090119447235852	0.06141150846257441	-0.045477658524086105	0.08742480078602255	0.08230385532739144	-0.11964755020813186	-0.030434206649406298	-0.008408728048110693	0.04016287322205274	-0.08360998354232516	0.02214239399574766	-0.04171632616554899	-0.0419883519436401	0.17165637219906224	-0.06097039851972033	-0.03229582096658115	-0.24131443855919804	0.16501445380316374	0.19819048216473162	-0.20686920116541338	-0.28575161619029826	-0.05696746505985317	-0.21501988660852145	-0.08035140625391037	-0.09636429899100596	-0.2787583098287936	0.025442148160493987	-0.12612052176353794	-0.007812387239305406	0.06195729030925967	0.029596811198021555	0.24543677410367476
GCT	0.033070062876888275	-0.0068047304978212705	0.18438316521688045	-0.10187219290756588	-0.1349582674951842	-0.18393754635847834	0.014875071319854846	-0.055084688342432055	0.1824857889878613	0.016949181059018895	0.14273807804290292	0.1640483762226167	0.33785780503928275	-0.0124987923982794	0.1596344644061098	-0.0771540208399385	0.04860326289105586	0.022465494270886066	0.1308234874454272	-0.06436695082264954	0.19166456343497001	-0.02566293244752177	0.3353559783695374	0.022892005675509475	-0.022645353611840974	-0.004159210495145282	0.16940937091952832	0.19679204981873571	-0.2635973511566999	0.09582497898455752	0.024769762835101183	-0.03341118051875046	0.09442500270825677	0.01468287622548216	-0.0823781039527453	0.08204506229750508	0.21477429145598909	-0.03544329206760193	-0.10049760635220298	-0.023848082707051986	-0.071070207938924	-0.006525619941037092	-0.18496322773031704	0.11147942166807367	-0.16095450655718146	0.095923520395818	-0.006304017663912642	0.040830455146645794	0.1159377765764725	-0.1834905756277097	0.019905056098940596	0.15727843319833415	0.014424470449180158	-0.02329981343152851	0.003571529413852817	-0.10461001920510947	0.03878401164470677	0.1384615291540485	-0.1304003287582372	-0.10335829645621215	0.2194244875492225
GCC	0.15729848010963104	0.1062856540957073	0.15924110986856926	0.06943489648508643	0.14503825908815382	0.026737684370164036	0.1134581227128387	-0.0696984882503763	-0.0038873313429342005	0.1519425012558552	0.05414142346862143	0.15604770268619073	-0.26830260280090157	0.17107267979679025	0.06840476660642561	0.1888172865971964	-0.14429195784663357	0.07456097922030107	-0.010009138661047356	-0.18217113920229375	-0.03537232351298261	-0.014286334310079085	-0.08612960210958452	0.08373917701417474	-0.03655274888287974	-0.13848057380716572	0.1310786697968852	-0.08363118855446736	0.25498184883543845	0.0814109317195057	-0.06865050093387443	-0.09573760211080934	0.08011656596590785	-0.0575175556455864	0.024998116380416366	0.12529114106080025	-0.1081499426288211	0.014018539093260366	0.11516423005272507	-0.07134056134912704	-0.04650401127802384	-0.11460120415541533	0.1597348360090971	-0.034117147286240115	-0.04839368340492291	-0.06491587775727428	0.12131174904631488	0.21462312116024931	0.05862868041386811	-0.15199003735341016	-0.24495204463174522	0.09063805592468235	-0.02209114463694902	0.16623262391756047	0.05226284444809565	-0.3031090406735385	-0.0012137095981939062	0.22753147073435032	-0.14501350335795543	-0.07081686579318253	0.18885307364812948
GCA	0.17492885172175965	-0.0726280852198825	-0.2732073676319306	0.10440977721993061	0.03624263709126785	0.11717782342816145	-0.05512160305424945	0.04092801085721345	-0.0333108664548882	-0.04901842790572235	-0.09801857592319545	-0.11680286389226073	0.14788416130147705	-0.052180857465501815	-0.040357000356537935	-0.08768682098517971	-0.04717900068041658	0.008325819826138031	-0.16987329721647831	0.21226774254029912	0.01870124621584232	-0.05039959948299361	-0.05851599720862183	-0.12774872569691714	0.021377134410709597	0.087381521657619865	-0.027331651740029494	0.16588169602446265	0.01223857542262849	-0.1319142147364353	-0.1249277012008604	0.13168607850984382	-0.11846963058876601	0.08893532324283887	-0.09246547718095685	0.03226344562914238	-0.052506071639714276	0.04356725245569125	0.015327482919792135	0.20307622184738816	0.3163524400608285	-0.23274731940890347	0.04565055157810877	0.02539544488756635	-0.16135400541836542	0.1332401590121546	-0.1284594595652476	0.06140581393970505	-0.2835286710168208	-0.048209242424295896	-0.00735827661378112	0.15363529487083502	-0.08489368855752581	0.08524044217873428	0.13629262583967253	-0.19446515863394037	0.12942960043609486	0.13503499365544827	-0.16955320106579308	-0.1381021920965912	0.2317409406099588
GCG	0.016410310115269753	-0.14834211760714788	0.009581188756498793	-0.24262723220885568	-0.07807323361333343	0.021448302407363593	0.006195750241962466	0.19302254683154382	-0.14511177443186685	-0.18487009738060553	0.07134548959631608	-0.23583916097208782	-0.19397595962212102	-0.23788983821327453	-0.07902618625162729	-0.02838785811594993	-0.08666808479036985	0.027359220655696168	-0.01204811214974626	-0.14437579159006914	0.023169275357403846	0.09166256113610508	0.21383982046853472	-0.044552019721230296	0.10539891984793784	-0.06500494698134729	0.08429031282662863	-0.1223558655731074	0.13135221306756853	-0.04800724343961771	-0.04576734052376463	0.04811523701728193	-0.023986800942252688	-0.11220111749133198	0.12098558904107806	0.05847635809401288	-0.006929219434797979	0.1330320076080952	0.011450061239530532	-0.27036426236599953	-0.0064867717136233745	-0.06307275714413904	-0.11935644092922643	0.06714017384587344	0.27543863863756135	0.14162622502915861	-0.08338845939050035	-0.1550455238547514	0.09778380523975669	0.10011592855675029	0.08253073274181404	0.2787895573271815	0.19558266439491204	0.030131442141532103	0.23852146937122573	-0.05883809541742993	0.0675606368658267	0.09022305956032514	-0.11800446369316342	-0.043227212522616534	0.08001339975435968
TAT	0.13251716378128647	-0.15163945996030104	-0.042464558411085256	-0.05872586562067006	-0.11001936080959296	-0.09922679006133762	-0.039741021446909365	0.22233456994176573	0.1401479976720838	0.2522582657583632	-8.140068235243009e-4	0.1332680822719161	0.02826338477002643	-0.15480247789386825	0.20372253799083098	-0.13867479294377938	0.024032780752059866	-0.03882019746336145	-0.15012953883818517	0.15194950926642728	-0.19455535574115185	-0.10120785168414968	0.09039059200041119	-0.06305483248514124	-0.06172511648286887	-0.04205983167239254	-0.18579784420173406	-0.0677973469047736	0.1933748452101477	-0.06064556610843127	-0.14833786237541602	0.03780799661754404	-0.0976654349648625	0.11142966714171129	-0.275538881094564	-0.03903099676398958	0.11090254223368234	-0.0696213443976893	0.15192568732702105	-0.2353723428608021	-0.05301079930921397	0.1862405281811411	-0.05359609777899192	0.17328328332233733	-0.022278768571756292	-0.22533664471032505	0.1518807852643495	0.113647524697857	-0.00951474233965069	0.1822174632244437	-0.11968649192559896	0.18071430089225043	-0.019817110001713448	0.16014841892539644	-0.038195969255327214	0.014333347426563805	-0.006180987744819726	-0.09372231672357192	0.04832080886007994	0.07223224224653217	0.02252188493671252
TAC	0.11482064243222996	0.17718781907928355	-0.040372382050489826	-0.1572001644513655	0.00968883628746584	0.012422006752578131	-0.01433929179901986	-0.18079919246704546	0.04463055709508918	-0.27918993391091235	0.11836497851304793	-0.251690560363003	-0.06730281073436813	0.10240600389744992	-0.11356320798689386	0.10763761471632072	-0.039713542866861865	-0.03796117849116648	0.006976942052214871	-0.010291623636080563	0.2036212043901733	-0.029093261932828615	-0.14694283875549352	-0.10909868159774067	-0.1321070016987782	-0.1832489072360452	-0.008904684739447784	-0.0981736406007527	-0.1694705796947203	0.03687093034577363	0.04084228377523173	-0.047435634932088896	-0.1877002173046842	0.1420339690675923	-0.2019628473713377	0.11138079721466047	-0.16507710855245403	-0.13399837290196465	0.042456725336276924	-0.06555570862519862	-0.2586507391565901	-0.15731044204467637	-0.2580508208663217	0.20921688266091212	-0.16338345007730432	-0.03176022165424313	0.032507051511855053	0.04538463300055791	-0.06269800857423807	0.1633215799101575	-0.17294909743429246	0.13215382250756824	-0.11767758457685062	0.042023854431000464	0.0015031172030626726	0.03288718680713772	0.034649034525011384	-0.13464153527612926	0.12877878774785662	0.03810727345224579	0.025283191814765515
CAT	0.14145458351300083	-0.031389015535372725	0.13641905868971335	0.2590627714832256	0.051364271115480385	-0.036006839621798584	0.13578526519162681	0.042975286366937336	-0.2612406036700614	-0.01679468827433589	0.15064716435802045	-0.026369241602679352	0.06592232429094119	0.01872735041109153	-0.11671887709064961	0.02822709255076677	0.07093571245132645	-0.07275364761946465	-0.12170108283750371	-0.014541497774645338	0.09324673031446509	-0.052306142637909794	0.2585312109193679	0.041964386368362985	-0.04233285511193978	-0.0810796893550278	-0.1473235805606799	-0.019833026796778973	-0.01231084087145738	0.08964234459683587	-0.1639154194605897	-0.006641348985961093	-0.04127161421880566	0.13409641688011803	0.10753821418524317	0.04552227605491305	0.14117780781989733	-0.2173748488134411	-0.0233561380020322	0.13521496313141776	-0.016584220130612063	-0.2747179393861262	0.0024188339399452345	-0.20056202752216895	-0.027606104068672296	-0.0702650100382748	0.05068645136615624	-0.15503992173551454	-0.021402265617543607	0.09235651971919638	0.05489778447300318	0.0953768562713439	0.15694797891868084	0.3650949669032807	-0.12212859102020483	0.20649979355094145	-0.25286447882560403	0.10670216855432367	0.012964829567451954	0.049270920510035975	-0.07047321952317498
CAC	0.16832704798990747	0.006379074219835538	-0.04331715743017983	-0.2708533442506453	-0.04520936548454816	0.051031979771518056	-0.052991280858033535	-0.058636429335397096	0.1716049402253451	-0.04347087030323124	-0.14893060213095013	0.020115120058043643	-0.2121319493429364	0.11922428805498968	0.06857175565347814	-0.03988679771002347	-0.03428291652624266	0.06116745947556171	0.037159563299135674	-0.09013267470935948	-0.030775958528341276	-0.04047956768235176	-0.17141320359702716	0.19163498646284047	0.1602704239807646	0.26792138279201555	0.19336813482493764	-0.05479259695082778	0.0744418270033029	-0.07637344000098747	-0.13299275451963516	-0.017500222420379002	-0.0845194157234311	-0.1086560953948377	-0.07086091384595088	-0.06811124042525134	0.31144584482159826	0.08584688711939742	-0.3102972571352032	0.10433765873148715	-0.030274572674075677	-0.053294803533777316	-0.17343663737195414	-0.0021168549878494355	-0.19453873687567752	-0.09422039632209461	-0.0661927206824716	-0.029804263150062363	-0.05704784213884343	0.00241961406936367	0.02922988750964748	-0.064163602721501	0.06364463131211932	0.3189538885312634	0.0978987295560467	0.18910614174484833	-0.11722541000540104	0.027384012090238757	-0.07670559281438845	0.019380395474984095	-0.09811051811735925
CAA	0.024010427653776548	0.04322088857881873	-0.15017800666250875	0.04758319950182477	-0.05459655008630929	-0.1384314349691097	-0.25461124162210347	-0.046466565741918466	0.022544714113191998	0.16727015908206933	0.3261902310573907	0.005668357758456735	-0.12297222364112008	0.08091641355167398	-0.03726824757990971	-0.020707013065771156	0.224365230289796	-0.08582307635900248	0.2740203796781724	-0.034939537347053955	-0.18883063430628144	-0.14631481555499815	0.08825277683372547	-0.34226377202428176	-0.11123952477130139	-0.04202325137932211	0.1836212936978343	-0.08374142317705345	-0.03756363364168873	-0.21749239504407214	0.08814181142805187	-0.032504737023322294	0.0949652651811833	-0.01055631673506237	0.22052612127278362	0.08055885184607348	-0.020825542387475797	-0.033012640699523574	-0.1745315706503714	-0.10280113747912688	0.0417149672417831	-0.07128803333597045	0.004879125738258577	0.042974021301469816	0.07140636352381685	-0.14922150667936712	0.03559597372482582	-0.06775410698527802	-0.28491030376042276	0.06149974908922966	0.08237909927255598	-0.11491460658119583	-0.11979815624287493	0.12714034866365811	0.005520731911926268	-0.03196385528659404	0.04137915759440472	0.049845604564059336	-0.08360923113494023	-0.018179784807598673	0.005063730814254555
CAG	0.1957447598916994	-0.013168525550838119	0.19725609571674768	-0.0703214629953738	0.0978808227979544	0.07521215636067195	0.047488594392300305	-0.01259092452659708	0.10420419068303875	-0.12437113005297197	-0.1620233366183683	0.040834310649512665	0.0568799592804153	-0.05413959457476702	0.00247945331755706	-0.20358764661586942	0.08617467630134336	0.06548014207860668	-0.12300812754616276	0.14526932729827752	0.23432101204455305	-0.10437163772736903	0.1496220372130807	-0.09878552536041024	-0.11116519705762716	-0.0841325552276999	0.4022927674773952	-0.20157472606255	0.06454996372259648	0.004381070150986072	-0.016024357991917464	-0.01245511619490231	-0.05931566387372718	-0.09558776088869009	-0.03910713089446121	-0.06883648779436652	-0.025148652044162317	-0.18382368614809005	0.09268206137621823	0.022368520993077574	-0.11402741134374174	0.12749581153335018	0.2631133643557606	-0.2625633971871568	0.043017051888542185	-0.09817582570796524	-0.06335364603524375	-0.08076261128670566	-0.068389515511251	0.17817108596253967	0.06401355435869872	-0.09639554956059135	-0.25289488676878513	-0.10556278081344764	0.17003305801622082	0.05484328103605508	-0.0024936517730403222	-0.019360143941658317	-0.12271256759304847	-0.03976738499387953	6.088229709671905e-4
AAT	0.11615743911849129	-0.15744815416560948	0.12298896176037845	0.13690591372302607	0.17498792554271766	-0.09709052417657281	-0.08252638755544638	0.07382850503194631	0.09444489962132761	0.08335201208023152	-0.04973621609222475	0.047219301150347594	-0.17463872470095387	0.037954827213623116	-0.08355090981594311	-0.1785273102317835	0.21038766282445157	0.17223230040848556	-0.0480511847856786	-0.22092343481478327	0.21790691578284038	-0.06550094733748281	-0.1031824904663258	0.024237465509372464	0.05931124661775446	0.08565491594505285	-0.16487905897590388	0.14450450792581457	0.0651413818754835	-0.3031139105658753	0.23553224804932282	0.17199642707708684	0.11470313324679868	0.17938379928142031	-0.04438110059579619	-0.12864308310100828	-0.03999523024067729	0.04224084870069395	-0.19202306448244127	-0.059398281965887215	-0.14702682157747535	-0.13233998387418	-0.09641198563191612	-0.19500665596276778	0.0278775931760469	-0.005460462779284704	-0.0452112828448631	-0.06616364952659513	0.03502070339598929	0.04613503075136683	-0.1859363264129142	0.23445370536338156	-0.06841912494758776	-0.22085242589120319	-0.08729838750113285	-0.01580239678050058	0.0015539779813488648	0.019282527449713822	0.009790329888979285	0.0025299310391820005	0.0019104030377725296
AAC	0.030343202505647957	0.19909876895335288	-0.015411801427431161	-0.093707283127078	-0.2895509441016066	0.11053516774310829	0.11587053287210466	-0.11594621256400782	0.11608479582062875	-0.018262500090354652	0.08413709143089076	-0.05882970483272946	0.08437936664064219	-0.010101985389709816	-0.036997776690939545	0.1183833869518329	0.005571659248579282	-0.10117732947795205	-0.1313428310790115	0.14988452993470336	-0.18800158590038066	-0.13113031244466966	-0.12138008457682933	0.12891654672859096	-0.12973320854424086	0.18805194176790127	-0.0029682560020747803	-0.17689735785784236	-0.23629809653495967	-0.10245296636664879	-0.12425773070913042	-0.04785587326836617	0.08584286649170463	0.20809042916955212	0.049222569973185214	-0.10540446698404789	0.12818724435460002	0.07953879075483716	-0.10417262463397568	-0.10267623559553274	-0.0010338911987718725	-0.03016529017406758	0.07778290167732975	-0.3351449185665167	0.21521990562739737	0.1278299569636361	0.2751923896183503	-0.10644416300039203	0.037857698249884976	0.023405279661331598	-0.17070813359432055	0.1887947404276731	-0.036483158499002404	-0.10800409522101254	0.017303926245359477	-0.10528378607272249	0.03851443734535179	0.08616753503135531	-0.030763507753655193	-0.020936808105114477	-0.0174082857933929
AAA	0.0879754641272322	0.11055011771896998	0.07230534108809299	-0.023771133539908586	-0.1316232525552248	0.28094643285745674	-0.1390779215580291	0.07564915724524872	0.1963227856767333	0.08254406636088449	0.1384057238994794	-0.08086925759919893	0.04588947244345272	0.0014698102890674971	-0.2156747660011008	0.007529437003535474	0.10805849887270214	-0.2319539651451513	-0.10691175334168912	-0.14133272608714806	0.16603674566640425	0.0567507095495328	0.02045129848701019	0.12606228716466228	-0.285839789637598	-0.020955589591210952	-0.21405010587108247	0.0696186961796735	0.07609335781786745	-0.13166235693479794	0.06021575091708209	0.01313031280125726	-0.08382940718418783	-0.07941959463252038	-0.1314563431054281	0.17046703196807936	0.038839539937113865	0.1676929197854641	-0.06126139122812077	-0.004791189435428382	-0.008959123048173437	0.09109890870831569	0.15299623199050727	0.03613050026443959	0.1258864739658353	0.044663207921303266	-0.21695522558587388	0.05421541799741354	0.18391834262216672	-0.0242924811926196	0.10567015728188853	-0.16902331189795972	-0.07347147620840142	0.1816561168581289	-0.10400708866589005	-0.11440053947175349	-0.1494152919537681	-0.16292651870563446	-0.20763516674304597	-0.07387681492375839	0.039511626763775384
AAG	0.1516010878344462	-0.09136497624735415	-0.0489525657919729	0.05443048113844391	0.12471603678731955	-0.33689480470647626	0.16138940910955785	-0.09224417431106866	-0.040922687501178355	-0.0837745031339774	-0.012616596518939626	0.07397268910306228	-0.0024368155617193053	-0.05095242799149613	0.09046336739814623	0.09851645618604826	-0.11104912190753219	0.19299366855171574	-0.03732806963648193	0.10634697320320091	-0.07943542202036553	-0.013030320346398817	-0.09799263704937879	-0.08800186356677746	0.0020734300766847187	-0.0035170685057289014	0.028951570642463578	-0.15637252734650936	-0.07601506106381148	0.09866032557828469	0.015326139093561467	-0.047411624235499064	-0.016651924115818745	0.229360709561237	-0.19926572203740478	-0.07069239601652168	-0.16544481031677188	0.1995652141281133	-0.1952205605835333	-0.05304535206153456	0.05872072906868202	-0.03543225261968556	0.013697783733075725	0.10029204901372518	0.15782216451922793	-0.018342756145637504	-0.08749388456008746	-0.2719713726431421	0.1969021176638836	-0.01579156211269573	0.17178786184340422	-0.13491564341656953	-0.06147519535100437	0.10441608303806516	-0.22531298087188575	-0.10301276559768185	-0.10638349997690472	-0.18545159822750115	-0.29498779813528164	-0.08692027976708402	0.06980989753149452
GAT	0.09947338365901705	-0.0915863966699833	-0.07213841283777539	-0.20146610691543093	0.1583786702134227	-0.2026900353987752	0.028636347430468185	0.11795641097448135	9.076070331007661e-4	0.110311977439645	0.06586078195662277	0.03462230691159206	0.030629630533901133	-0.08183263267613301	-0.25522727752649566	0.10312114646009043	0.15946188301368178	0.09361924551175071	-0.21996661073997503	-0.14196423145786552	-0.04094316896197143	0.07266994856537304	-0.2341417888340585	0.041655886899615684	-0.22701147537173344	-0.006300299731518452	0.18369638661790455	-0.14516669531636334	-0.2052607091666266	-0.21565531820506378	-0.2472281291534016	0.04733600311744016	0.1524274149517245	-0.09161930103723025	0.1258468394405562	-0.04738368995934547	-0.010890520583430138	-0.286939811452116	0.13633437797504144	0.09717150806588147	0.1796089395522832	0.07877737783302191	-0.06776300907959773	0.13083359175478868	-0.06008758289667502	0.07910106240290302	-0.07137477409982158	0.15254194072945887	0.16179322575949207	-0.0735439439846365	0.06957746553892774	0.05471490285661701	0.08012152519375745	-0.07039271438797579	-0.1204686485326564	0.06485276219503258	-0.0321749991334081	0.0021814159349008867	0.00449763998608433	0.008853044966842097	-0.004144088936954893
GAC	0.15665311233314216	-0.04499256040294827	0.08682790067735159	0.0698868112279788	-0.18612150142980938	0.17846166250352344	0.004146391280990163	-0.1340330598486528	0.13143541286365634	-0.059671536120069646	0.10911550017714354	-4.49300243483239e-4	-0.16785202135260657	0.028397772014218226	0.20563257374952723	0.1303870575403592	-0.3200702064667677	-0.1083468314915516	0.0010560266438267782	0.08019940451056834	0.043936286539706056	0.07200818312378782	0.08538910895314307	-0.16991331888273048	0.0452306828740766	0.14123193708168025	-0.02753621521812214	0.028842585507128104	0.09607237340255309	-0.20081117771032256	0.05163380948957644	-0.05288429278384652	0.06882503197472423	0.2796872661416628	0.13869607805560602	-0.2078590689293458	-0.03743617008554917	-0.3852062009903736	0.03566974867968112	-0.1165427378409597	0.100099743008978	0.03032525754491655	-0.031782933442085146	0.049098471701693625	-0.05222224970110634	0.013854708256307378	-0.318282669183086	0.09619134093858853	0.10814672122122927	-0.03149713558564279	0.06327312018920644	-0.08454652136944027	0.12505509891598007	-0.13883475459058234	-0.034734203586361756	0.03475759713320252	-0.09902462565266584	0.04510017570329636	-0.038457971270634404	0.005013409515053718	-0.0254047563860704
GAA	0.11296871763407088	-0.013385714361205465	-0.21039952788742633	0.2520737345601536	-0.05892083296401674	0.06171225695735038	0.004004263479798258	0.0412915067650348	-0.043834690711079614	-0.10086369275773759	0.14038065088909737	-0.07518013451973185	-0.0809098905955702	-0.09416922487000606	0.21225965494017096	-0.09165468926172261	0.00142512959726751	0.13335462878843446	0.14612762630649492	0.027329032125550635	-0.142062827829531	0.18529292324896518	0.1471236453326885	0.04295642127231893	-0.3370782554936553	0.11966036598120235	0.12057728190186438	-0.0780191214347202	0.02836727438592411	-0.16511478207200442	0.18647096439324506	-0.10712061472939954	-0.14948927940409287	-0.24339730759944708	-0.031127990687889993	-0.07595275920106855	-0.10190577832877803	0.08402782002325943	0.07977865069748187	0.19706960612654878	0.003936026522801707	0.045559107683335265	-0.0492738272703869	-0.1162424747723807	-0.2124896667736467	0.06333408239670249	0.07298591740696113	-0.11432872293833365	0.3088528299411053	-0.0682438186979166	-0.18797536187406336	0.1252892002434815	-0.022397664050871485	0.05407532986884362	-0.06076458688646823	0.14198765012451395	0.04470295747669811	-0.04023161892628838	0.052041903323209904	-0.03742680196549668	0.02245414411288567
GAG	0.10748647399367345	-0.08502864529192415	0.1955282027036043	-0.16395461287214277	0.0689279709322556	-0.15332740377397588	3.9251798455060846e-4	-0.03574167141163717	0.1043293616920648	0.06942000383077176	0.045766565836485286	-0.07030462595816839	-0.1872363345100499	-0.1288776406827695	-0.24410608175729806	-0.09521549624513784	-0.21660394011626302	-0.1936248391765028	-0.013030504924619532	0.2398178119277933	0.051693861298749984	0.05386031179177193	-0.0939051906385498	-0.18085398009174017	-0.1061002666575834	0.09222439386612835	-0.15647083142017984	0.26266352032123125	0.05922840103060498	0.09681207779269417	-0.037591339850597476	-0.30469541938987205	0.14442020390412094	-0.10364042786102506	0.09807191366239515	0.0395743057094465	-0.09369936804624031	0.041152308996044724	0.00881740783814615	0.20995904370165666	-0.06593342072510774	0.20884965855767101	-0.10438463089874579	-0.12227995166680924	-0.05863547708011851	-0.13933420165188518	0.12317951119822908	-0.20413132669100273	-0.0981578463304568	-0.18568984828643545	0.006663265640629966	0.13090580703881025	0.04941016169799499	0.013964941294022938	-0.008421949937510699	0.025321285192383712	0.09460547111571238	-0.04537494902478842	-0.08111132767410073	-0.02699136040500458	0.0075681043214223705
TGT	0.08903679350169016	0.02196738662223439	0.2455420528057813	-3.352356822498651e-5	-0.21231697714955944	0.027955894159453765	-0.013177235978989048	-0.047066355325514404	-0.19832739754920378	0.13508757884104974	-0.09712397541830559	-0.12136787864585769	0.03936860631023372	0.07547512790849031	-0.022840135167877418	0.18532778500928543	0.16511134896391255	-0.03017018063728304	-0.16090833223378437	0.0055150654874779985	-0.17199436591108475	0.18077359511648688	-0.061193742148310144	-0.23566157998334974	0.1760383990189483	-0.10718671257304334	0.24512404144560712	0.19155110539652206	0.06571336744330689	-0.01669575108345702	0.03520927866963184	0.2053643565503106	-0.1471130360328788	0.04000273699221498	0.0064513492609420305	0.10151363134083856	-0.1575867828801614	0.06536722971434923	-0.1785091995367625	-0.08411325313301639	0.009072177686529782	0.2985025949917598	-0.06460619130072594	-0.1791356296372259	-0.28630177989954747	0.16622851127170984	0.10164310897472328	0.02459034296197775	0.06851541700998826	0.10585014814120365	0.06642052979955879	0.06992342287491213	0.02464264099693745	0.049192947169283685	-0.13046530559133235	-0.004872941789872463	-0.0437964758229715	-0.03423886832633166	-0.0061245166492191715	-0.016255950797612977	-4.360954278612994e-4
TGC	0.15060340472937778	0.0174492992348327	-0.2052279323417407	-0.07525082490025417	0.19105222412691705	-0.10519203155482139	-0.04308543952341902	0.07793177146530998	0.1385630184862397	-0.15108862913947932	0.03481893010995988	0.024172617278513428	-0.1235386657672952	-0.12349382034862964	0.033164454629988765	0.009602326207120298	-0.029551800928160184	0.009030299848179981	0.1978771443460065	0.049131157320663116	-0.06677929692402776	-0.11407102248222335	0.051219502449292666	0.42803830704143714	-0.0927521914519738	-0.18402074610841418	-0.08209116772198824	0.16689670905541054	-0.09383337805582742	0.08836249177127091	0.03939135008001858	0.03474868369453993	-0.15561136805809742	0.08859859992288298	0.17568699651445294	-0.007561396320860593	-0.11648612699103847	-0.07711360940634165	-0.04380171888835879	-0.2549586808776479	0.0065908041763323225	0.20280912166546322	0.07499849139026951	-0.2679641700790323	-0.2138020247934884	0.14460107648127873	-0.016679927850815512	0.09387156369232788	-0.18789208594422052	0.06944635080936379	0.18735976116437286	0.017145832832822224	0.11489622501636379	0.01596078229916174	-0.08309498350734534	-0.10966580094690809	-0.03776865215907811	-0.015305012871529099	-0.04487216061608935	0.016347186242001134	-0.01861523496021352
TGG	0.24214393600628292	-0.00864733402427172	0.0886163181914691	0.0050262883307197305	0.09861797009851404	0.13146907966567964	0.11190356318917485	-0.07016051096829187	0.0764825919962839	-0.10479388766006319	-0.041070699530935895	-0.02344407488778718	-0.04869655645254246	-0.06018499348301905	-0.05433999565329037	-0.10163730301878386	0.12893959484244466	-0.020092969469451553	0.1400948660071104	0.19168719297062606	-0.2545308553236908	-0.026330508154960644	0.022984398348695	0.052338213314770544	0.19798984493645094	0.03763887486215996	-0.13940531431235473	-0.14605561765746314	-0.10092415755621698	-0.07855732148609502	0.05240952159981737	0.3242663574523661	0.215502600546809	-0.07451826085385459	-0.14003165002403786	0.38656448993237785	-0.03791234891365473	-0.1837754516523644	0.09957377142973958	-0.015876484500845653	-0.061391943387314754	0.07626534505903182	-0.13733459998042993	-0.04103730535974301	0.05061932908374114	0.022027809097799673	-0.08458848371751916	-0.17443081306079014	0.09805954341058243	-0.19266380466888058	-0.039972415044119955	-0.2059567923334438	0.0018743890399568561	0.09954848523469818	-0.01398507885711292	-0.0659134871846997	0.10052905038793844	0.13335267694435543	0.14789549918493475	0.05912528180225981	0.08484258073211215
CGT	0.04637082149629736	0.04456239069183447	0.19385751390320935	-0.19770916431387245	-0.16009418048640064	-0.14598862936594123	-0.079503472074073	0.11554415714610965	-0.16101663126775198	-0.1702011177146388	0.08125932344422822	0.14383864921729086	0.12660623357246617	0.24216434496925884	0.09048273975797468	-0.010814020039160363	0.017678563746753563	0.04876487239820002	0.10790013058857284	-0.16273405985933817	-0.07437191740922268	0.08011728852525257	-0.11675168689637723	0.06665916954559985	-0.1285096508946697	0.1460331976985218	-0.04786243067719485	0.06365446992326956	0.13243567489369934	-0.07879070662634886	-0.042927858996015915	-0.01753428624513068	-0.006961021822305179	-0.016098870245159845	-0.12384480228222901	0.05617919298201321	-0.013687906671933125	-0.13546721315018492	0.1159652125871447	-0.004796170687612555	0.14645276939853738	-0.062363765526681866	0.23304322882966005	-0.024681855279207368	-0.11245542945180985	-0.029416288208106857	-0.09747254395185387	-0.4060261061352463	-0.16575438625872213	0.039300819528879156	-0.02035822706896534	0.040406621568387764	0.1475389934092171	-0.06439811712679126	0.08471538642860747	-0.24589391041703557	-0.032379150748230494	-0.23326878293557962	0.19953533056982575	0.051025516687596854	0.07111180086719379
CGC	0.10328854461992788	0.13426432536566632	-0.07906394392455592	-0.11787536004362387	0.07574259250468111	0.023924660304302566	-0.23346248256624214	0.02417584258034142	0.02936999829128737	0.07654523694745456	0.10434402950083656	0.32828680707059027	-0.05203950260557787	-0.33513258821631253	0.045916439936300006	0.15058236955757223	-0.086732100901201	0.006986008665404764	-0.0820217980297129	0.004868633197414658	-0.06323134930365631	-0.027769022252345614	-0.007087357082051136	-0.19588904245026278	0.26328631221771853	-0.02141364718660796	-0.03419871197764253	0.025983830413731104	-0.21835177185702134	0.02356394472407633	0.09303183646651123	-0.033599599705444586	-0.12783364177022144	-0.10557168761370975	0.004953634846230126	0.11499018519258468	0.009292557973551496	-0.04030058312752284	-0.09893829941676019	0.25047466004711355	-0.11889737911880846	-0.1769655336561256	0.15035895451551884	-0.19206164763577818	0.06492217487812932	-0.03055122738629952	-0.06809258502313618	0.11566912398505332	0.17576171050546574	0.15433020363420613	-0.036465046698695866	0.04323889920250812	0.1607020599582455	-0.03388187082995994	0.11322386284709071	-0.06980922481475568	-0.07500239690906468	-0.2128295103002409	0.16359562079166465	-0.029420493448294806	0.11492993049711678
CGA	-0.12347749849142496	0.152054931332852	-0.13365810499906663	0.1094029591047052	-0.11956567504057275	-0.09012841159973568	0.057953424352897215	-0.041696894111601365	-0.016686509494229135	-0.09237140519184557	-0.061184146242732926	0.024528587247607207	-0.2639210948474869	0.0014080760017942658	-0.14717241308240098	-0.12629493275014914	0.30757493326629115	-0.01387589012825427	0.11221924477587536	0.23902703623389804	-0.035896522007975606	0.23367800195809724	0.11401178610623029	0.1422212296120758	0.183561951295896	0.008818234606945585	0.15405481088918282	0.22607438256641713	0.13971998890062184	-0.0672690094209006	-0.3504365025690662	-0.16593306057034507	0.017217356962711802	0.1012202778712095	0.03137125857351518	-0.011282580066619998	0.0884983804061299	-0.1202278592241379	0.04736703002659959	0.05504152247502488	-0.16503677301356093	-0.09057262204480478	-0.018150788078567376	0.054958780417708304	0.08370474671308112	0.007215225618544548	-0.07298505364939903	0.05507251199824125	0.13144165399710098	0.05590764742622089	-0.015520809213335445	0.02699387713041429	-0.1280033289577164	-0.05161998305816548	-0.10854847178973351	-0.2112634344455167	-0.040109436187386154	-0.20768601775433423	-0.0011096248369089692	-0.029310283469509514	0.10656388228758688
CGG	0.011251336417592534	0.04368799983075138	0.23372770632404075	0.15306890259053224	0.16622008170208	0.05017506894684641	-0.08920616109227808	0.12889149351846502	-0.09954921361212286	0.025326827940441797	-0.2089747676522662	-0.24046806567498635	-0.02896179394874433	-0.17643980627982414	0.04714087942786261	0.024889628651693977	-0.055833138969793354	-0.02016352746696388	0.1926061577566326	-0.03529678943588223	0.15125632356419472	-0.325645976764985	3.4267937418672623e-4	0.014687665587755392	0.03389703114418584	0.08665737937614207	0.18466366276474191	-0.00253672290536652	-0.11953767903961267	-0.16913111858992805	0.05109047556714758	-0.16960455618124265	-0.006694149744753734	0.17655526192050294	0.06836313837966476	-0.01099446066724391	0.12111655194310471	-0.004856953004184024	0.031162117569437774	0.09645718332783584	0.19808701915470128	0.2140474681495115	-0.04818189689727998	0.1493955015211004	0.0887168886944955	0.1236583799988935	0.1451105671511297	0.018872259454653498	0.049166106178705204	0.015084048793901777	-0.1173759687080473	-0.04042045623180944	0.03637532066470794	0.22297293488760628	-0.002714123010030325	-0.25871495991567045	-0.07418060626490881	-0.18917531488494957	0.18930891598654978	0.037364362774505375	0.02185013578833838
AGA	0.1351167487462547	-0.10778647348196203	-0.23160140969945925	0.09889519340967413	-0.0600386962762643	0.0162112791449797	0.15836439599297128	0.013236728929604426	0.10962790015573051	0.2436290232028141	-0.003998181281471032	-0.22125284496108463	0.14469236724366452	0.04048662642749334	0.09828234056886542	0.054542040390272585	-0.051864453477387135	0.018619019657784223	-0.1260325286512076	-0.09564386053079535	0.08070445405114793	0.02102824542459527	-0.042442157852072324	0.057973385075261084	0.023622135301963984	0.09532060595453777	0.08748776941929694	-0.010215339727702371	0.07629354325982032	0.06773191756455042	0.06901470941201496	-0.007220177887272262	0.33621891816943006	0.033324818870697374	0.17413217330716832	0.05857377688927351	-0.018104906003810747	0.054327095585848376	0.12647964488822575	-0.10553128081252199	-0.21402771545410693	-0.141493595468619	-0.08821190771686262	-0.13630928261663722	-0.11016503211337797	-0.0169556193550428	0.056310149408248404	-0.013763299639340459	-0.0063808582031075756	-0.028455283455289648	0.29050163074767016	-0.03416516295646181	-0.06108902124566844	0.08783730466814386	0.2104883371623116	-0.040396976354319644	-0.016408659447056252	-0.3881158358343981	0.20337621909589643	-0.03446426313998143	0.16025153814724397
AGG	-0.11121135541012504	-0.24532528338741605	0.06984495375211514	-0.016455452021271893	0.17094704722867463	0.14104681729275187	0.09085393673538467	-0.18328640086475784	0.09662573783393875	-0.04569458882828966	0.07069831578399026	-0.04121170390019272	0.05589318302147479	0.11489408480399269	-0.039807584972281755	-0.057428118774893566	-0.10026371847481141	-0.012299252628167404	-0.053715132914796154	0.1642621357143191	-0.12143547359517687	0.10283397345055283	0.06466779845729027	-0.05082651826136127	-0.15886817158014357	-0.29271197902010143	0.008400125081038236	-0.10225705043299986	0.029844134016564286	0.03733847725874885	8.229260401463618e-4	0.2366627889020319	0.03060787483530026	-0.19442259590666014	0.15968325538059805	-0.2560268315329148	0.25510749092101165	0.035853719852320665	-0.25789772858046006	0.05782007921017413	0.011975479655298958	-0.0020056710333468987	-0.09124267312040367	0.00617656300997787	-0.00956305767630571	-0.04767412602273829	-0.082884739905866	0.00868713469857245	-0.07837820271434148	0.053817908748555264	-0.20157731832124479	0.0158263305269287	0.13301836668243022	0.005761099804678835	-0.09563932053264991	-0.31429288316569925	-0.06256025385353307	-0.22899972750083186	0.12291926597201167	-0.002393525500184023	0.09608640168040906
GGT	-5.818685643952721e-4	0.012902856146480745	0.07923369622919112	-0.022784747943740972	-0.006113589975805977	-0.26223278311251297	-0.2944986374446106	-0.2169078764565455	0.07567063658543946	-0.057288445152595596	-0.08329913929673821	-0.178176477598844	-0.07379995824555538	-0.20280114378025463	0.1546462946546658	0.20920962316328623	0.1739935159988633	0.004463601410947907	-0.1652619595332337	0.10000530106847745	-0.04514493487311304	0.09259701637056185	0.09553806677356377	0.0830437027994198	-0.06655789899261838	-0.015684674489068115	-0.11699854356103895	0.0541565567025844	0.13497665785444132	0.07990742968179357	0.11547729604917452	0.025699892816712398	0.25383811162001363	-0.17944740527341654	-0.1403757184363878	-0.14217370577557711	-0.02661287395935457	-0.15334268230809595	-0.03756478714756705	-0.0032970803102098864	0.03569961081016316	-0.10880298577392811	0.08449394426050272	0.09592789445137326	0.04499475740377509	0.32686526385389264	0.11907152773605377	7.782597077756288e-4	-0.11866549546081685	-0.04362495784001727	-0.10932525427063881	-0.06471754097517961	-0.10223242027410173	0.07806496544305976	0.1765581719326173	0.04449548316869918	-0.270470714684071	0.02692200570659573	-0.005436407189963805	-0.01887794711860212	-0.05981625067257141
GGC	0.07471136282058162	0.18787738586231045	0.2645964141341805	0.048679199095701474	-0.0922825464430353	0.017172645368456578	0.17195485280963996	0.13917764300744118	0.06444149467301666	0.008269255537102432	-0.03683111611705091	0.03482631543383839	0.1307065000592101	-0.006028822093520784	0.13508552983710295	-0.07880440825237038	-0.05534651871485736	0.11738792896987418	0.18684390932210354	0.18261931326257672	-0.05166275697825347	0.10714191454048122	-0.12987291346432803	0.027364431875378528	0.09891975094639205	-0.16394921349305824	-0.07644231986052913	-0.054453789973371435	-0.16372785767415796	-0.29695039282171054	-0.039329051305592416	-0.027175003786619963	0.048015558158830914	-0.20718236299370335	0.12225002901877219	-0.018706395350524787	-0.19659941285961352	0.18977853731975863	0.08442136780642917	0.010115703408775756	-0.0424444759550468	-0.09675342249430773	-0.06130930492557795	0.06637989054451801	0.0872487759686958	-0.010531205861692344	-0.09656728051272062	0.1499317482052152	-0.24283604525995664	-0.05576902003651231	0.0817614626711631	0.23034843806219707	-0.06224033703712667	0.016655225671115284	0.008680461217845608	0.09852218155970806	-0.3838078202919695	-0.07909301715774156	-0.06989546159091309	0.021729810704804585	-0.07106660168886023
GGA	0.16119945266993413	-0.10852278807726225	-0.27967364703386616	0.13791993967446017	-0.0020639104653927204	0.10197264278260935	0.055140460514631034	-0.004923354694457482	-0.12279015483465465	0.015783048019134112	-0.05531081787905929	-0.01869608402538173	0.14104697101065755	0.06893486331411347	-0.06639689586216736	0.12990559571949148	0.03578016446480385	0.018638131894082414	-0.12074886237023007	-0.043747576345329685	-0.05456377565320837	-0.06177681206582175	0.013389772965571867	0.06584896188785838	0.07033100933668043	0.16097291933484986	0.11085671135660485	0.1510074919108768	-0.11861737401578562	0.1544187205434308	0.09976962244626679	-0.17581363864121263	0.0036651292797987116	-0.16751117618822686	0.03709969778517032	0.11909412750994945	-0.04158834835267894	-0.15640524610406037	-0.16855882327725824	-0.12563322910378202	-0.14858144111589228	0.2859953071249648	0.08503811097984994	0.17883323362143055	0.1809634363641306	-0.15131310156547917	-0.24778544184462778	-0.11128391924999496	-0.13185349594882206	-0.07033796273808389	-0.2800869502937136	0.2276145892010763	-0.028751371076950624	-0.04983068607774923	0.011760034225953172	-0.0494877044148394	-0.23937679907531798	0.04028880418968016	-0.01359117189308369	0.03212430142928493	-0.08687192147245665
GGG	-0.13432950101665556	-0.21434627000481066	0.01495527589268027	-0.1852717703658897	0.149893179864782	0.11092832884935101	-0.0278696620037878	0.028461670010846766	0.031021570941207038	0.0035551177170440994	0.24943458056940843	0.01656809638706575	-0.021585668017295733	0.002934275424315897	-0.04768143271757013	-0.11454295436391583	-0.14606273484331364	-0.03149723937338025	0.15374670503286464	0.005605220263130664	-0.1737697994388781	-0.12348786215421557	-0.01813667246682996	-0.04207235666195394	-0.018269485077198597	0.06719089124561202	0.1497115227985117	0.10239070513912348	0.08030737333571629	0.13701583711480117	-0.11686134045852449	0.19691047408836726	0.08070597611488484	0.29582990553076083	0.06249620190079418	0.15061600512794146	-0.005229873582528903	0.1419352043105495	0.09272052411585102	0.09977346245363519	-0.06833418284423123	-0.00897722712178084	0.20534875138310504	0.07806682880057172	-0.09699243488798379	0.24687385103501552	-0.05511303788851857	-0.03330103667044799	0.10706747967795685	-0.007863609677607738	-0.14055765177929772	0.11087414941008725	-0.29027309793807887	-0.031638659816207976	0.034280576769921516	0.20665448947945614	-0.332172070477997	-0.047044061002560464	0.04275599294183467	-0.008875869244962788	-0.05288115768846034
